Name,Type,URL,Image_URL
Double Breasted Coat,Coat,https://www.amiparis.com/en-us/products/blue-wool-double-breasted-coat-fco110wv00494011,https://www.amiparis.com/cdn/shop/files/a5b4bf8e78b0ca9f5998a501ed303eba_66dfecac-ce02-4348-a4f7-15da55b8cdec.jpg?v=1732843496&width=500
Belted Mac,Mac,https://www.amiparis.com/en-us/products/blue-cotton-belted-mac-ujk505co00814018,https://www.amiparis.com/cdn/shop/files/5dcd4a694b4de6f44b241f7d0d3a0249.jpg?v=1732840453&width=500
Double Breasted Jacket,Jacket,https://www.amiparis.com/en-us/products/blue-wool-double-breasted-jacket-fbv217wv00264011,https://www.amiparis.com/cdn/shop/files/fa23eec3913632a4b8ac60ea676a6e2b_eb34ff67-8980-408c-9c88-39bb1fa8d1ae.jpg?v=1732843275&width=500
High Collar Coat,Coat,https://www.amiparis.com/en-us/products/blue-wool-high-collar-coat-fco008wv00494011,https://www.amiparis.com/cdn/shop/files/037576d8159ac3020bb262a6fb198fd5_eaf6b27a-0bc4-4150-8db8-e2248b276178.jpg?v=1732840472&width=500
Low Necked Tanktop,Tanktop,https://www.amiparis.com/en-us/products/blue-cotton-low-necked-tanktop-ftk128je00704011,https://www.amiparis.com/cdn/shop/files/a1cf3b5fa92f386aa72cfd211847a76e_ba233278-6f41-416a-b7f3-19286adf3f43.jpg?v=1732840398&width=500
Wide Elasticated Waist Trousers,Trousers,https://www.amiparis.com/en-us/products/blue-wool-wide-elasticated-waist-trousers-utr212wv00184011,https://www.amiparis.com/cdn/shop/files/965bff59e0f6027d4a3f6099a065fbd9.jpg?v=1732871951&width=500
Leather Two Buttons Jacket,Jacket,https://www.amiparis.com/en-us/products/beige-leather-leather-two-buttons-jacket-fbv109lh0045273,https://www.amiparis.com/cdn/shop/files/eae5e6d2fc284049499f317c36d5a3ce_36a8dd96-cfcb-4df5-a936-368387522bef.jpg?v=1732843492&width=500
Leather Straight Fit Trousers,Trousers,https://www.amiparis.com/en-us/products/beige-leather-leather-straight-fit-trousers-ftr514lh0045273,https://www.amiparis.com/cdn/shop/files/14ff92f063b38e3ef162739c90df777e_3d0ec0c3-5577-44ce-8c7a-6651a7f82cb2.jpg?v=1732841255&width=500
Ami Cropped Polo,Polo,https://www.amiparis.com/en-us/products/beige-wool-ami-cropped-polo-fpl318750255,https://www.amiparis.com/cdn/shop/files/eab6b0f923aae6338c5df97c500d2bd8_90c3772a-fe83-4f26-a522-230b6a0e0f93.jpg?v=1732843518&width=500
Button-Down Ami de Coeur Shirt,Shirt,https://www.amiparis.com/en-us/products/white-cotton-button-down-ami-de-coeur-shirt-ush060co0149150,https://www.amiparis.com/cdn/shop/files/37bf107c84f93e59da3e82c6ef0533e6_3bbd90ce-e1a1-447d-9af1-769481123301.jpg?v=1732873897&width=500
Ami de Coeur Overshirt,Overshirt,https://www.amiparis.com/en-us/products/white-cotton-ami-de-coeur-overshirt-ujk261co0037150,https://www.amiparis.com/cdn/shop/files/95060c9cdc9a9b2d57a0837b7be2f0c8_2023600e-0e37-475f-b05f-5bdc23e2856d.jpg?v=1732873207&width=500
Alpaca Mohair Brushed Sweater,Sweater,https://www.amiparis.com/en-us/products/beige-wool-alpaca-mohair-brushed-sweater-fks447kn0056250,https://www.amiparis.com/cdn/shop/files/277bbd884dadf1dc3e6320cb6b8f0812_5e83bfc7-3243-40ff-85b8-58ebeca72117.jpg?v=1732840658&width=500
Shearling Zipped Jacket,Jacket,https://www.amiparis.com/en-us/products/brown-leather-shearling-zipped-jacket-ujk021lh0040221,https://www.amiparis.com/cdn/shop/files/8a690fad67dcfa4aa95d2e647e7de336_b89e6f75-f51d-4d9d-bc5d-e8f0fee4bf64.jpg?v=1732843475&width=500
Scarf Collar Shirt,Shirt,https://www.amiparis.com/en-us/products/beige-cotton-scarf-collar-shirt-ush104co0063255,https://www.amiparis.com/cdn/shop/files/f6a855046cb2ca9f264ab0d3ccf4db7d_f7e3f923-8731-467c-9642-63859889fe09.jpg?v=1732870086&width=500
Ami de Coeur Classic Shirt,Shirt,https://www.amiparis.com/en-us/products/white-cotton-ami-de-coeur-classic-shirt-fsh061co0063100,https://www.amiparis.com/cdn/shop/files/b5efca1fd25130c58a138f328ef6dcbe_9b073938-7756-4555-b21d-2f82eb69a1f7.jpg?v=1732843495&width=500
Belted Car Coat,Coat,https://www.amiparis.com/en-us/products/brown-cashmere-belted-car-coat-uco004wv0022221,https://www.amiparis.com/cdn/shop/files/e16ba275785f8f488b867dfff86ab1dc_ea62a147-af19-4595-943b-a9184bfcecfa.jpg?v=1732868308&width=500
Sleeveless Military Jacket,Jacket,https://www.amiparis.com/en-us/products/brown-wool-sleeveless-military-jacket-ubv757wv00482007,https://www.amiparis.com/cdn/shop/files/5c20addb4173e3cb3ea0f727a66bd153_b07ee079-5eb0-40b6-a2c2-0098c846ae3d.jpg?v=1732841011&width=500
Wide Elasticated Waist Trousers,Trousers,https://www.amiparis.com/en-us/products/brown-wool-wide-elasticated-waist-trousers-utr212wv0018221,https://www.amiparis.com/cdn/shop/files/f778d249a5117873ac85fef80356bd95_2c31fa55-754b-4810-b1f0-c75cf971d482.jpg?v=1732871222&width=500
Double Breasted Jacket,Jacket,https://www.amiparis.com/en-us/products/black-wool-double-breasted-jacket-fbv417wv0026001,https://www.amiparis.com/cdn/shop/files/26f7f01555effa016d90117da0cb684a_992c1fdc-452c-4169-97b0-ccd62bd52c5a.jpg?v=1732840304&width=500
Ami de Coeur Pointelle Midi Dress,Dress,https://www.amiparis.com/en-us/products/black-cotton-wool-ami-de-coeur-pointelle-midi-dress-fdr235kn0049001,https://www.amiparis.com/cdn/shop/files/0494349efe9802932dbbb81161850115_2904d580-581d-4454-8685-de4e4a79a482.jpg?v=1732840582&width=500
High Waist Large Trousers,Trousers,https://www.amiparis.com/en-us/products/black-wool-high-waist-large-trousers-ftr428wv0026001,https://www.amiparis.com/cdn/shop/files/cb9b0c00dd79f0b9b4db6de24f28bd9f_827b7819-8967-42b5-b520-0a0cad689755.jpg?v=1732843823&width=500
Ascot Tie Shirt,Shirt,https://www.amiparis.com/en-us/products/black-silk-ascot-tie-shirt-fsh407se0008001,https://www.amiparis.com/cdn/shop/files/ed11b07088d33fa513d81ca81693b6a7_236acc99-bec3-4bd5-9c8f-c317b0174814.jpg?v=1732840282&width=500
Long Sleeve Fluide Top,Top,https://www.amiparis.com/en-us/products/black-cotton-long-sleeve-fluide-top-fts228je00950022,https://www.amiparis.com/cdn/shop/files/0b04f98b40c7c80cd4d0046d7e6f720e_00bd62ae-e762-42fb-9086-82f13f13776e.jpg?v=1732843732&width=500
Drapped Top,Top,https://www.amiparis.com/en-us/products/blue-cotton-drapped-top-ftp041je00704011,https://www.amiparis.com/cdn/shop/files/6f3d0cc817f4bc12224cf22c24a47b6c_9eb89f80-ff0f-4132-ba05-b082d1f2cabf.jpg?v=1732843115&width=500
Zipped Jumpsuit,Jumpsuit,https://www.amiparis.com/en-us/products/green-viscose-zipped-jumpsuit-fdr505vi00194013,https://www.amiparis.com/cdn/shop/files/d7ec5b46b13d51319287eaedd4fbfd15_d1fdb3ba-768f-4fe2-adef-53a4115f2afc.jpg?v=1732840356&width=500
Low Necked Tanktop,Tanktop,https://www.amiparis.com/en-us/products/green-cotton-low-necked-tanktop-ftk128je00704013,https://www.amiparis.com/cdn/shop/files/01a069e8655cf47420dc93e84926c184_311f8a8f-3e09-4eaa-8690-9d106b1f82db.jpg?v=1732841798&width=500
Large Fit Trousers,Trousers,https://www.amiparis.com/en-us/products/green-wool-large-fit-trousers-ftr423wv00534013,https://www.amiparis.com/cdn/shop/files/653b1560566c0ff39866c22db135a3c0.jpg?v=1732843689&width=500
Alpaca Mohair Jacquard Crewneck,Crewneck,https://www.amiparis.com/en-us/products/beige-wool-alpaca-mohair-jacquard-crewneck-uks048kn00602024,https://www.amiparis.com/cdn/shop/files/da7758313b8295e667e1e3f5218cdcf4_155ccc36-1562-4249-93a3-1fd1f5fe4164.jpg?v=1732869062&width=500
Embossed Ami de Coeur V Neck Sweater,Sweater,https://www.amiparis.com/en-us/products/green-wool-embossed-ami-de-coeur-v-neck-sweater-uks244kn0028303,https://www.amiparis.com/cdn/shop/files/30ffa515113bfd6115835c1ad01ee2ae_0f22fa9e-a638-4a08-9f09-9ec4d94c177e.jpg?v=1732840518&width=500
Embossed Ami de Coeur Funnel Neck Sweater,Sweater,https://www.amiparis.com/en-us/products/green-wool-embossed-ami-de-coeur-funnel-neck-sweater-uks444kn0028303,https://www.amiparis.com/cdn/shop/files/62bdf0ae80f771f50f546820e6d4384e_04d4f8e6-60d9-4eae-a783-38194b244946.jpg?v=1732840321&width=500
Drapped Top,Top,https://www.amiparis.com/en-us/products/brown-cotton-drapped-top-ftp041je0070221,https://www.amiparis.com/cdn/shop/files/b9858334cb744c73882459e47240a3bd_19d99f55-cd64-40e2-8666-ad71647157b0.jpg?v=1732843348&width=500
High Waist Large Trousers,Trousers,https://www.amiparis.com/en-us/products/brown-wool-high-waist-large-trousers-ftr428wv0026221,https://www.amiparis.com/cdn/shop/files/76d661053a0816f393790161f2482ac2_b62848fb-f2c2-4279-b707-d0af2f26c664.jpg?v=1732843298&width=500
Large Fit Trousers,Trousers,https://www.amiparis.com/en-us/products/brown-wool-large-fit-trousers-ftr423wv00482007,https://www.amiparis.com/cdn/shop/files/0e6c86cc8c097d340f4e4c42e64390db_cf945b00-4b32-4a09-a072-85b612482459.jpg?v=1732843694&width=500
Double Breasted Jacket,Jacket,https://www.amiparis.com/en-us/products/brown-wool-double-breasted-jacket-fbv217wv0026221,https://www.amiparis.com/cdn/shop/files/90358fb9a014706539e76bb28f1a0028_90561a34-197a-4509-9223-22022d8b1588.jpg?v=1732842741&width=500
Double Breasted Jacket,Jacket,https://www.amiparis.com/en-us/products/brown-wool-double-breasted-jacket-fbv217wv00482007,https://www.amiparis.com/cdn/shop/files/c8bf558da7efecc9551ffbc0757ee7a4_383b0d3b-7eb0-4cd5-9bc5-b325e0214a13.jpg?v=1732843264&width=500
Short Sleeve Top,Top,https://www.amiparis.com/en-us/products/brown-wool-short-sleeve-top-utp116wv00482007,https://www.amiparis.com/cdn/shop/files/688efc7411f9eb802e25ef9de24f86fa_c734f81c-c640-4b62-ab9c-dcc26ac6fd49.jpg?v=1732873382&width=500
Double Breasted Jacket,Jacket,https://www.amiparis.com/en-us/products/beige-wool-double-breasted-jacket-fbv217wv0026255,https://www.amiparis.com/cdn/shop/files/2303c0d10153c80f8a28cbbcea1a6c86_ff015db9-312e-4422-a3cf-a4be47f5d334.jpg?v=1732842979&width=500
Scarf Collar Shirt Dress,Dress,https://www.amiparis.com/en-us/products/beige-cotton-scarf-collar-shirt-dress-fdr104co0063255,https://www.amiparis.com/cdn/shop/files/e2964d85b2189c3032e4f440f099d4d5_45f54975-9eba-4b91-8c44-1c2e8659979d.jpg?v=1732842422&width=500
Classic Shirt,Shirt,https://www.amiparis.com/en-us/products/beige-cotton-classic-shirt-fsh050co0063275,https://www.amiparis.com/cdn/shop/files/74d6f9128c7ce63b7a4c79c458e3a5c3_ab7fa7da-d1f9-4f11-be0c-a251d53b652e.jpg?v=1732842864&width=500
Classic Shirt,Shirt,https://www.amiparis.com/en-us/products/beige-viscose-classic-shirt-fsh051ac0009255,https://www.amiparis.com/cdn/shop/files/99e90e6f361e9d53c7d77b4c2094be31_09dbdc76-4f2e-44e6-b8f0-c9e5b7bdc967.jpg?v=1732843508&width=500
Ami de Coeur Classic Shirt,Shirt,https://www.amiparis.com/en-us/products/blue-cotton-ami-de-coeur-classic-shirt-fsh061co0063484,https://www.amiparis.com/cdn/shop/files/b3def3229c4147f7654a46074a4e62b5_01fc7cce-41ae-42a6-bc3f-283e824323f5.jpg?v=1732869763&width=500
Mini Skirt With Panels,Panels,https://www.amiparis.com/en-us/products/beige-wool-mini-skirt-with-panels-fsk028wv0026255,https://www.amiparis.com/cdn/shop/files/1e1396c99b0a3dc45e7e65835af3e82e_eca95a08-8367-4af7-b71e-393c29d557ee.jpg?v=1732843529&width=500
Midi Dress With Thin Straps,Straps,https://www.amiparis.com/en-us/products/brown-viscose-midi-dress-with-thin-straps-fdr236ac00092014,https://www.amiparis.com/cdn/shop/files/0bbc44791df9e916d5bfb2080207ab0e_cc08ed09-1356-4fcb-a4d5-dc1316d70f77.jpg?v=1732842425&width=500
Top With Thin Straps,Straps,https://www.amiparis.com/en-us/products/brown-viscose-top-with-thin-straps-ftp048ac00092014,https://www.amiparis.com/cdn/shop/files/853d893250874750259efb0298752eb6_bdf33fed-5c1b-41ed-ab2d-0609ea084c1d.jpg?v=1732843011&width=500
Midi Skirt,Skirt,https://www.amiparis.com/en-us/products/brown-viscose-midi-skirt-fsk244ac00092014,https://www.amiparis.com/cdn/shop/files/442e07f2d23dec1e5ac8fd910d169b20_2af11481-e936-43ca-baf1-bd25b9aab122.jpg?v=1732840541&width=500
Belted Oat,Oat,https://www.amiparis.com/en-us/products/brown-wool-belted-oat-fco414wv0051221,https://www.amiparis.com/cdn/shop/files/b9d2d009493658dc14079e5a064ffd75.jpg?v=1732843617&width=500
Ami Alexandre Mattiussi Buttoned Jacket,Jacket,https://www.amiparis.com/en-us/products/brown-cotton-ami-alexandre-mattiussi-buttoned-jacket-ujk242pa0007221,https://www.amiparis.com/cdn/shop/files/b106c699ff3e063b8986fa660979c180_db7d139c-7b64-48fe-9309-66318cc59ef7.jpg?v=1732843201&width=500
Overshirt With Chest Pocket,Pocket,https://www.amiparis.com/en-us/products/brown-wool-overshirt-with-chest-pocket-ujk244wo00012007,https://www.amiparis.com/cdn/shop/files/1ad55726bf4659bbaf13c14ea99d7c59.jpg?v=1732842874&width=500
Fitted Coat,Coat,https://www.amiparis.com/en-us/products/black-wool-fitted-coat-fco106wo0002012,https://www.amiparis.com/cdn/shop/files/0f17b5f7b30324ccc60b004cf820e64b_cb1d0f4c-c51c-4340-a715-fecdbf530fca.jpg?v=1732840503&width=500
Three Buttons Jacket,Jacket,https://www.amiparis.com/en-us/products/black-wool-three-buttons-jacket-fbv612wo0002012,https://www.amiparis.com/cdn/shop/files/a7104c8d5775963d0e485c62a9e6e5ed_aedf06c6-166c-4a5e-87a4-8e01788938fb.jpg?v=1732843000&width=500
Double Topstitching Classic Shirt,Shirt,https://www.amiparis.com/en-us/products/black-viscose-double-topstitching-classic-shirt-ush011vi0021012,https://www.amiparis.com/cdn/shop/files/d267c3a1c7b85f8fe485c01036f75593_9148d67d-2955-423a-9f59-c779166df115.jpg?v=1732840273&width=500
Military Shirt,Shirt,https://www.amiparis.com/en-us/products/black-wool-military-shirt-ush013wv0044001,https://www.amiparis.com/cdn/shop/files/2262251bd180dd6aebd2ac78046d3eef_1ca0a812-ca40-4e5b-aed4-1bccd09d153c.jpg?v=1732873206&width=500
Leather Padded Jacket,Jacket,https://www.amiparis.com/en-us/products/brown-leather-leather-padded-jacket-fjk116lh0031298,https://www.amiparis.com/cdn/shop/files/5023216318ee8f04fca0bcd2b4034228_e5ec8a60-e179-4df5-bdb7-c96ad5eb4d9f.jpg?v=1732843453&width=500
Flare Fit Trousers,Trousers,https://www.amiparis.com/en-us/products/brown-cotton-flare-fit-trousers-ftr420co0089221,https://www.amiparis.com/cdn/shop/files/d9581646780434904d83abf4d9d264ba_04c5e1ea-f998-4d77-af45-87ec6c9bbda5.jpg?v=1732843373&width=500
Fitted Coat,Coat,https://www.amiparis.com/en-us/products/brown-wool-fitted-coat-fco106wv0051221,https://www.amiparis.com/cdn/shop/files/890dd459bd8f6be83d6c2814df90011d_a905b9f6-b85c-4116-8e00-08ce315e7b0f.jpg?v=1732840488&width=500
Three Buttons Jacket,Jacket,https://www.amiparis.com/en-us/products/brown-wool-three-buttons-jacket-fbv612wv0051221,https://www.amiparis.com/cdn/shop/files/1389f28aba306276bb20cbcdbae83e84_2642bfbc-7bfd-4d39-9e30-820b329ccb3c.jpg?v=1732840491&width=500
Military Bermuda,Bermuda,https://www.amiparis.com/en-us/products/brown-wool-military-bermuda-fso423wv0051221,https://www.amiparis.com/cdn/shop/files/c872d7f80a46511097e4763427f4918a_8a7f783d-b532-4d93-a53e-095083349f32.jpg?v=1732870608&width=500
Boxy Buttoned Jacket,Jacket,https://www.amiparis.com/en-us/products/brown-cashmere-boxy-buttoned-jacket-fjk265wv0022221,https://www.amiparis.com/cdn/shop/files/0aa766a68d5b25adb10d0fc3b6256ebf_0bd891b0-dd07-40a5-803c-323e5e2a080f.jpg?v=1732843446&width=500
Long Pintuck Shirt,Shirt,https://www.amiparis.com/en-us/products/brown-wool-long-pintuck-shirt-ush512wv0026221,https://www.amiparis.com/cdn/shop/files/1149cd09fe2accfc28179d5e0f52673d_2fd2267d-a880-4219-9ab4-f81ed407ed8c.jpg?v=1732872465&width=500
Pintuck Shirt,Shirt,https://www.amiparis.com/en-us/products/brown-wool-pintuck-shirt-ush012wv0026221,https://www.amiparis.com/cdn/shop/files/f987da0bb0bf84e3f79d8780ed2b6c5e_91e463a6-10cf-46af-9b16-7155ef035d4e.jpg?v=1732840489&width=500
Double Breasted Jacket,Jacket,https://www.amiparis.com/en-us/products/grey-wool-double-breasted-jacket-fbv217wv00480511,https://www.amiparis.com/cdn/shop/files/b67613acf352950baeb4da9d190196b4_7d99b733-9562-44f3-ad41-c674fbc8bc97.jpg?v=1732840278&width=500
Large Fit Trousers,Trousers,https://www.amiparis.com/en-us/products/grey-wool-large-fit-trousers-ftr423wv00480511,https://www.amiparis.com/cdn/shop/files/76e4c024a41ed7ca73032848d5f4baa8_7f6e9f3d-413f-496a-a83e-7249e0a5f08e.jpg?v=1732841911&width=500
Belted Coat,Coat,https://www.amiparis.com/en-us/products/brown-wool-belted-coat-fco414wv00562004,https://www.amiparis.com/cdn/shop/files/350716ca9796414d82d452b383e6095b.jpg?v=1732843403&width=500
Military Jacket,Jacket,https://www.amiparis.com/en-us/products/brown-wool-military-jacket-fjk267wv00562004,https://www.amiparis.com/cdn/shop/files/e40780ea755a804b971029f6e0160a6c_8e0f0a9f-ec4a-4c32-8c70-97d57d122115.jpg?v=1732843352&width=500
Large Fit Trousers,Trousers,https://www.amiparis.com/en-us/products/brown-wool-large-fit-trousers-ftr423wv00562004,https://www.amiparis.com/cdn/shop/files/f256afb4280b8510372afe1465337be7_4b6898ae-7bac-4a28-a9d5-3310945645a1.jpg?v=1732843397&width=500
Worker Baggy,Baggy,https://www.amiparis.com/en-us/products/black-cotton-worker-baggy-utr303co0037001,https://www.amiparis.com/cdn/shop/files/70a1f179b2fb5ad01e7dd6cd9eeede81_5c19cfba-40e8-4820-af0a-72899e905f6b.jpg?v=1732833041&width=500
Boxy Buttoned Jacket,Jacket,https://www.amiparis.com/en-us/products/blue-cashmere-boxy-buttoned-jacket-fjk265wv00224011,https://www.amiparis.com/cdn/shop/files/12d8dfdb3a6d7e4248a5aeb6ff77f7c0_6e7d0b1f-8d2c-422a-8c09-980354178862.jpg?v=1732840394&width=500
Mini Skirt With Panels,Panels,https://www.amiparis.com/en-us/products/blue-wool-mini-skirt-with-panels-fsk028wv00264011,https://www.amiparis.com/cdn/shop/files/61740a9d31374f7b0a92eed87d9b2580_c06f06dc-00f1-4ee9-aca2-fcc05722b8bc.jpg?v=1732843037&width=500
Camp Collar Jacket,Jacket,https://www.amiparis.com/en-us/products/blue-cashmere-camp-collar-jacket-fjk266wv00224011,https://www.amiparis.com/cdn/shop/files/84ada423c8438a00b1c509a26616a6b7_599225e7-8e83-4e19-afef-2157343170d8.jpg?v=1732840588&width=500
Ami de Coeur Hoodie,Hoodie,https://www.amiparis.com/en-us/products/blue-cotton-ami-de-coeur-hoodie-usw203730430,https://www.amiparis.com/cdn/shop/files/854b1c42fa5dd89fcfe8e5859595f563_fd39fe34-d28d-43e2-81fa-bb7123b5b226.jpg?v=1732851333&width=500
Classic Fit Shirt,Shirt,https://www.amiparis.com/en-us/products/blue-cotton-classic-fit-shirt-ush060co00894011,https://www.amiparis.com/cdn/shop/files/6ff1b0f30b6a198d463db3cb60ff3b9f_c3f446d7-acab-443b-9b22-918f1cf5b61c.jpg?v=1732874508&width=500
Boxy Fit Shirt,Shirt,https://www.amiparis.com/en-us/products/blue-viscose-boxy-fit-shirt-ush176vi00204011,https://www.amiparis.com/cdn/shop/files/27bbf072dc92a49f090b461d66f38286_7cb56f42-f09c-49e4-a2f2-e647d546223c.jpg?v=1732870316&width=500
Scarf Collar Shirt Dress,Dress,https://www.amiparis.com/en-us/products/blue-cotton-scarf-collar-shirt-dress-fdr104co0063484,https://www.amiparis.com/cdn/shop/files/c2f9a18b40b2dfdc311e318d8cec679d_489226fd-084c-4c4d-ae25-68f40de8351b.jpg?v=1732843324&width=500
Classic Shirt,Shirt,https://www.amiparis.com/en-us/products/blue-cotton-classic-shirt-fsh050co00634844,https://www.amiparis.com/cdn/shop/files/6a2433f0b6d0f37f2d8bf9933f50e75d_35eac9a6-7c98-4de3-ae9e-249201099b0e.jpg?v=1732843129&width=500
Scarf Collar Shirt,Shirt,https://www.amiparis.com/en-us/products/blue-cotton-scarf-collar-shirt-ush104co0063484,https://www.amiparis.com/cdn/shop/files/79d303f43d7370ac5f73dd495dd9e7d7_2fae747a-5711-49e7-bd4f-f56476b6ab82.jpg?v=1732869617&width=500
Cashmere Ami de Coeur Crew Neck Sweater,Sweater,https://www.amiparis.com/en-us/products/brown-cashmere-cashmere-ami-de-coeur-crew-neck-sweater-fks057005221,https://www.amiparis.com/cdn/shop/files/672cf70872a79c1d32773337a55a32fb_8b4559ce-d3ab-4a38-a0e8-422f53f2c347.jpg?v=1732840930&width=500
Cashmere Ami de Coeur Turtle Neck Sweater,Sweater,https://www.amiparis.com/en-us/products/brown-cashmere-cashmere-ami-de-coeur-turtle-neck-sweater-fks457005221,https://www.amiparis.com/cdn/shop/files/48e7eda63286bab05ffbea992ff66471_b5bbc108-06fc-4929-a928-4319770e37f6.jpg?v=1732841647&width=500
Cashmere Ami de Coeur Cardigan,Cardigan,https://www.amiparis.com/en-us/products/brown-cashmere-cashmere-ami-de-coeur-cardigan-fkc157005221,https://www.amiparis.com/cdn/shop/files/19db96a402da858e91a41aea474fc676_b6c6a0f5-46e0-43b7-94e9-cd8cf5505b96.jpg?v=1732843431&width=500
Belted Car Coat,Coat,https://www.amiparis.com/en-us/products/blue-cashmere-belted-car-coat-uco004wv00224011,https://www.amiparis.com/cdn/shop/files/e10033534b50518cc17f247c8f6f7e58_fdd893aa-bb67-4c1a-896d-a8ba850c7316.jpg?v=1732868412&width=500
Short With Pannels,Pannels,https://www.amiparis.com/en-us/products/black-wool-short-with-pannels-fso508wv0026001,https://www.amiparis.com/cdn/shop/files/a35573cc62cfc655ad1f81263610f4ae_5a13034a-1bd9-44d1-b908-2fb2ff94a1bc.jpg?v=1732840323&width=500
Short With Pannels,Pannels,https://www.amiparis.com/en-us/products/blue-wool-short-with-pannels-fso508wv00264011,https://www.amiparis.com/cdn/shop/files/7ba9cce751b27609b0f546b1744289f9_d597a1f6-0ddc-4a4c-a89e-c7b274702733.jpg?v=1732843576&width=500
Short Jacket,Jacket,https://www.amiparis.com/en-us/products/blue-cotton-short-jacket-fjk069co00814018,https://www.amiparis.com/cdn/shop/files/b11d521c764d95ec7f63898ac81c19fa_07223f9f-6612-442f-bd3e-e80bebd8f385.jpg?v=1732840391&width=500
Cable Knit Cardigan,Cardigan,https://www.amiparis.com/en-us/products/blue-wool-cable-knit-cardigan-fkc013kn0013430,https://www.amiparis.com/cdn/shop/files/0ea6f5c15b7626a30d3721fb411ea378_7794563b-ef4f-4ee2-83fd-dba02ea3b329.jpg?v=1732843046&width=500
Pintuck Shirt,Shirt,https://www.amiparis.com/en-us/products/blue-wool-pintuck-shirt-ush012wv00264011,https://www.amiparis.com/cdn/shop/files/27f6ea74bb59d38393be5eea1823c1b5_93ccd368-d065-4169-b1a5-1c297d09f02a.jpg?v=1732869425&width=500
Long sleeve Dress,Dress,https://www.amiparis.com/en-us/products/brown-wool-long-sleeve-dress-fdr011wv0026221,https://www.amiparis.com/cdn/shop/files/b1de06b40aa0625e9be7bb39d7fb227a_ba2509db-d6ce-48ac-be73-52e1731f151f.jpg?v=1732843659&width=500
Mini Skirt With Panels,Panels,https://www.amiparis.com/en-us/products/black-wool-mini-skirt-with-panels-fsk028wv0026001,https://www.amiparis.com/cdn/shop/files/b9c967f81852c4950ab0267fc7c8be61_6ff2490f-835b-4cfb-a078-be720e835a57.jpg?v=1732843294&width=500
Ami Paris T-shirt,T-shirt,https://www.amiparis.com/en-us/products/brown-cotton-ami-paris-t-shirt-uts047724221,https://www.amiparis.com/cdn/shop/files/0f42d01077caa9226dc8f94b9e9f6358_8f281dbe-92af-47c3-adb7-6887fb25b487.jpg?v=1732874627&width=500
High Waisted Cigarette Trousers,Trousers,https://www.amiparis.com/en-us/products/black-wool-high-waisted-cigarette-trousers-ftr112wv0026001,https://www.amiparis.com/cdn/shop/files/60597f1cc1ff9928b0915ad219c0ac9d_ecd047fa-16ad-4690-812a-e2f981308b9f.jpg?v=1732840543&width=500
Low Necked Tanktop,Tanktop,https://www.amiparis.com/en-us/products/black-cotton-low-necked-tanktop-ftk128je00950022,https://www.amiparis.com/cdn/shop/files/f3fc4e81c871d05f57476252c978031a_a3d0ef5b-aa02-4cc6-b1f2-e111353de27f.jpg?v=1732840340&width=500
Flare Fit Trousers,Trousers,https://www.amiparis.com/en-us/products/brown-wool-flare-fit-trousers-ftr435wv0053221,https://www.amiparis.com/cdn/shop/files/b46b754012c81d78f09161411cdfb6c1_5216181b-5215-4e2e-97cd-15d3d35edfeb.jpg?v=1732840419&width=500
High Collar Shirt,Shirt,https://www.amiparis.com/en-us/products/brown-wool-high-collar-shirt-ush107wv00562004,https://www.amiparis.com/cdn/shop/files/2d843d0345ca30455fd5d0172dd56b70_f5bac2ba-9aab-455f-a2aa-40d6b1ddc596.jpg?v=1732843230&width=500
Short Belted Coat,Coat,https://www.amiparis.com/en-us/products/brown-wool-short-belted-coat-fco214wv00562004,https://www.amiparis.com/cdn/shop/files/0e081ab3f98694591469071a179bd522.jpg?v=1732843314&width=500
Long sleeve Dress,Dress,https://www.amiparis.com/en-us/products/black-wool-long-sleeve-dress-fdr011wo0002012,https://www.amiparis.com/cdn/shop/files/142d29c8f5c15935fc4f1829ec554d5b_07f01a73-ebf9-4cac-a62e-8b693adc5122.jpg?v=1732843612&width=500
Military Bermuda,Bermuda,https://www.amiparis.com/en-us/products/grey-wool-military-bermuda-fso403wv00480511,https://www.amiparis.com/cdn/shop/files/cef92fc132c0afd991374ebb77821963_93a257ec-fe8b-4f8d-b964-998aaecb9c8d.jpg?v=1732870560&width=500
Off-White Ami de Coeur Crew Neck Sweater,Sweater,https://www.amiparis.com/en-us/products/grey-wool-off-white-ami-de-coeur-crew-neck-sweater-uks025kn0032061,https://www.amiparis.com/cdn/shop/files/30e7e87ccbcd3072baa59e10df6c60a1_6fd67b22-bcd8-452a-9cac-b6571ff88048.jpg?v=1732873939&width=500
Off-White Ami de Coeur Funnel Neck Sweater,Sweater,https://www.amiparis.com/en-us/products/grey-wool-off-white-ami-de-coeur-funnel-neck-sweater-uks425kn0032061,https://www.amiparis.com/cdn/shop/files/85326eb0d331e9e52a8c4f465ce08b69_ff8edeab-d189-431d-9396-6d68fa185c64.jpg?v=1732843481&width=500
Red Ami de Coeur Sweatshirt,Sweatshirt,https://www.amiparis.com/en-us/products/brown-cotton-red-ami-de-coeur-sweatshirt-usw035730221,https://www.amiparis.com/cdn/shop/files/b457016daaff87a8c2d13cdbd3ce3758.jpg?v=1732874539&width=500
Red Ami de Coeur Hoodie,Hoodie,https://www.amiparis.com/en-us/products/brown-cotton-red-ami-de-coeur-hoodie-usw235730221,https://www.amiparis.com/cdn/shop/files/eb6f3869554a93a85af662f7c82cc6a1_47911b84-c045-4c42-98cd-65a46cf952e7.jpg?v=1732872331&width=500
Classic Fit Shirt,Shirt,https://www.amiparis.com/en-us/products/brown-cotton-classic-fit-shirt-ush060co0089221,https://www.amiparis.com/cdn/shop/files/16b433d6507597e9a8f5c701ccb085f8_9d3cb9e7-16d7-43d8-8e6f-3a33d7509f76.jpg?v=1732894614&width=500
Ami de Coeur Sweatshirt,Sweatshirt,https://www.amiparis.com/en-us/products/brown-cotton-ami-de-coeur-sweatshirt-usw040je0091221,https://www.amiparis.com/cdn/shop/files/e3cddef748bdbce8d1e263d8e262afec_655e025d-d46c-4b75-83c6-9d335a6112d8.jpg?v=1732873960&width=500
Ami de Coeur Hoodie,Hoodie,https://www.amiparis.com/en-us/products/brown-cotton-ami-de-coeur-hoodie-usw240je0091221,https://www.amiparis.com/cdn/shop/files/87f4ba804c766a4cea21cefba336ea62.jpg?v=1732873421&width=500
Ami de Coeur T-shirt,T-shirt,https://www.amiparis.com/en-us/products/brown-cotton-ami-de-coeur-t-shirt-uts040je0090221,https://www.amiparis.com/cdn/shop/files/04cfaaf7281239fa9e08ed5ccd8eceda_4a944b62-9a77-4700-aabe-38357acc93e5.jpg?v=1732873661&width=500
Pintuck Shirt,Shirt,https://www.amiparis.com/en-us/products/green-wool-pintuck-shirt-ush012wv00534013,https://www.amiparis.com/cdn/shop/files/d0abc7aa2ed3e7d41d401e72bf60c5ff_ad947f8e-91ee-4b09-a980-7de17b7eb407.jpg?v=1732870471&width=500
Off-White Ami de Coeur Funnel Neck Sweater,Sweater,https://www.amiparis.com/en-us/products/green-wool-off-white-ami-de-coeur-funnel-neck-sweater-uks425kn00324013,https://www.amiparis.com/cdn/shop/files/aa41807b674c0908ef3863467dd8fe82_b313d584-7a84-41cb-bce8-d6795825d7d6.jpg?v=1732843532&width=500
Off-White Ami de Coeur Cardigan,Cardigan,https://www.amiparis.com/en-us/products/green-wool-off-white-ami-de-coeur-cardigan-ukc025kn00324013,https://www.amiparis.com/cdn/shop/files/1453220a32ab67f6cbf488f214c7a17c.jpg?v=1732869588&width=500
Ami de Coeur Sweatshirt,Sweatshirt,https://www.amiparis.com/en-us/products/green-cotton-ami-de-coeur-sweatshirt-usw040je00914013,https://www.amiparis.com/cdn/shop/files/8203633b9b402ffaca2a5515d8b1f3de_851d5e31-b36d-4091-bfe9-8f71fefbe184.jpg?v=1732871674&width=500
Ami de Coeur Long Sleeves Polo,Polo,https://www.amiparis.com/en-us/products/green-cotton-ami-de-coeur-long-sleeves-polo-upl340je00924013,https://www.amiparis.com/cdn/shop/files/b89d8ff4e16595732bf15973d611888d_92e802fb-6995-4966-877e-3728fce58015.jpg?v=1732869842&width=500
Ami de Coeur T-shirt,T-shirt,https://www.amiparis.com/en-us/products/green-cotton-ami-de-coeur-t-shirt-uts040je00904013,https://www.amiparis.com/cdn/shop/files/51f68d4e1d1327d2d6f66238c1ea875a_5099fa26-2399-45ec-b662-933e4bb978c7.jpg?v=1732874070&width=500
Off-White Ami de Coeur Funnel Neck Sweater,Sweater,https://www.amiparis.com/en-us/products/lilac-wool-off-white-ami-de-coeur-funnel-neck-sweater-uks425kn0032504,https://www.amiparis.com/cdn/shop/files/c0bcfe2b624cce77cbf0575b4d2c30d6_83501690-2304-4f0b-b35a-73d90d932098.jpg?v=1732843521&width=500
Off-White Ami de Coeur Crew Neck Sweater,Sweater,https://www.amiparis.com/en-us/products/lilac-wool-off-white-ami-de-coeur-crew-neck-sweater-uks025kn0032504,https://www.amiparis.com/cdn/shop/files/27faeae5c676062cb8e6d20c04dd1d25_5dcdd567-d34d-44be-8b7f-116cc38860dd.jpg?v=1732873956&width=500
Off-White Ami de Coeur Cardigan,Cardigan,https://www.amiparis.com/en-us/products/lilac-wool-off-white-ami-de-coeur-cardigan-ukc025kn0032504,https://www.amiparis.com/cdn/shop/files/17db96ddcfa09014bfb0583ec80e1559_4ce29397-7d59-460a-b9f9-48298f212f40.jpg?v=1732873915&width=500
Ami de Coeur Hoodie,Hoodie,https://www.amiparis.com/en-us/products/lilac-cotton-ami-de-coeur-hoodie-usw240je0091504,https://www.amiparis.com/cdn/shop/files/9042f235e6d437af9604ac8897ac6e4e_f4ce4235-3055-41a9-9328-6414a7ba44ad.jpg?v=1732874007&width=500
Ami de Coeur Sweatshirt,Sweatshirt,https://www.amiparis.com/en-us/products/lilac-cotton-ami-de-coeur-sweatshirt-usw040je0091504,https://www.amiparis.com/cdn/shop/files/f3f5e90805e111a4dc3873d5ac965e1a_5cf55498-7071-4d6a-8058-10a5703c598c.jpg?v=1732871052&width=500
Large Fit Jeans,Jeans,https://www.amiparis.com/en-us/products/blue-denim-large-fit-jeans-ftr450de0031480,https://www.amiparis.com/cdn/shop/files/cf6202438cfa530d357900f6ca382dcc_f445ed0a-a75d-4307-9d66-1b811bf50196.jpg?v=1732841219&width=500
Red Ami de Coeur Sweater,Sweater,https://www.amiparis.com/en-us/products/camel-wool-red-ami-de-coeur-sweater-uks006018289,https://www.amiparis.com/cdn/shop/files/bb7ad61775a3ae0c6fe7829f074f5040_c726b3c3-b3bf-40f5-a60a-b5736c5af8b8.jpg?v=1732873542&width=500
Red Ami de Coeur Cardigan,Cardigan,https://www.amiparis.com/en-us/products/camel-wool-red-ami-de-coeur-cardigan-ukc006018289,https://www.amiparis.com/cdn/shop/files/20525ffc612f8edff00c3836a7e00d56_279b0ee5-e05f-4492-9f60-526e93568942.jpg?v=1732843155&width=500
Red Ami de Coeur Sweater,Sweater,https://www.amiparis.com/en-us/products/camel-wool-red-ami-de-coeur-sweater-uks406018289,https://www.amiparis.com/cdn/shop/files/97520316986bd56c03d7aee23d28e878.jpg?v=1732851723&width=500
Hooded Vareuse,Vareuse,https://www.amiparis.com/en-us/products/beige-cotton-hooded-vareuse-ujk104co0081998,https://www.amiparis.com/cdn/shop/files/5a439f804d18fdef4a3153f3b91c872c_cb0fe40c-fd95-4929-a2a4-d43ce4bdd89c.jpg?v=1732840449&width=500
Embossed Ami de Coeur Funnel Neck Sweater,Sweater,https://www.amiparis.com/en-us/products/nude-wool-embossed-ami-de-coeur-funnel-neck-sweater-uks444kn0028264,https://www.amiparis.com/cdn/shop/files/efa041c450d3f59b7b81192250341a51_44bad4de-b0f5-4dd0-8bba-ca9f41f3d54a.jpg?v=1732873849&width=500
Embossed Ami de Coeur V Neck Sweater,Sweater,https://www.amiparis.com/en-us/products/nude-wool-embossed-ami-de-coeur-v-neck-sweater-uks244kn0028264,https://www.amiparis.com/cdn/shop/files/d6cd24f0801fd30a1d96b164b73ed10a_7cf7b346-5f98-46c2-b95b-5e4a5874e22a.jpg?v=1732842668&width=500
Classic Fit Shirt,Shirt,https://www.amiparis.com/en-us/products/beige-cotton-classic-fit-shirt-ush060co0089255,https://www.amiparis.com/cdn/shop/files/991ca63bb6f103ac4d8f928798f78848_ff9552bf-38b2-4c6e-abf1-ead66127e3c2.jpg?v=1732869737&width=500
Boxy Fit Shirt,Shirt,https://www.amiparis.com/en-us/products/beige-cotton-boxy-fit-shirt-ush176co0063255,https://www.amiparis.com/cdn/shop/files/f3804773bbdf9c81bb5a5c867a59039e.jpg?v=1732873312&width=500
Flare Fit Trousers,Trousers,https://www.amiparis.com/en-us/products/beige-cotton-flare-fit-trousers-ftr420co0082255,https://www.amiparis.com/cdn/shop/files/699f7dc0c75fb02c36178430949393f4_12fcb625-273f-488c-9bae-10190748cc71.jpg?v=1732843058&width=500
Belted Mac,Mac,https://www.amiparis.com/en-us/products/beige-cotton-belted-mac-fjk515co0081998,https://www.amiparis.com/cdn/shop/files/0abec4386b8a833cd18a780dbf9c6415_f0be8887-1aec-4ddc-b068-9713f0b46703.jpg?v=1732843727&width=500
Shearling Crew Neck Sweater,Sweater,https://www.amiparis.com/en-us/products/beige-wool-shearling-crew-neck-sweater-uks056kn00512009,https://www.amiparis.com/cdn/shop/files/d3e60f6a23e5a257b35677f869b9ece0_4c1fb523-0faa-491a-b408-d7827ae64c24.jpg?v=1732873385&width=500
Short With Pannels,Pannels,https://www.amiparis.com/en-us/products/beige-wool-short-with-pannels-fso508wv0026255,https://www.amiparis.com/cdn/shop/files/48c530dedf6761cde1a2582110cd2d55_ef94b788-92ed-4538-80d2-f5b5ec527e7d.jpg?v=1732840535&width=500
Button-Down Ami de Coeur Shirt,Shirt,https://www.amiparis.com/en-us/products/blue-cotton-button-down-ami-de-coeur-shirt-ush063de0032480,https://www.amiparis.com/cdn/shop/files/5fb3143160df129dc02f1b66ade5ac3d_1b30383c-8522-409a-b4e0-56469a042f81.jpg?v=1732874170&width=500
Sailor Crew Neck Sweater,Sweater,https://www.amiparis.com/en-us/products/blue-cotton-sailor-crew-neck-sweater-fks039kn00554011,https://www.amiparis.com/cdn/shop/files/79314c52171cec344b4fb7bd4409b5fb_63bb2964-0f1b-4e4d-905e-7a78c4164687.jpg?v=1732843552&width=500
Alpaca Mohair Brushed Argyle Sweater,Sweater,https://www.amiparis.com/en-us/products/brown-wool-alpaca-mohair-brushed-argyle-sweater-fks047kn00582013,https://www.amiparis.com/cdn/shop/files/3c8a6947f5f9a5bc21ba2c7015a15f35_5d5fcae1-70b0-457c-8db8-87f71ed3b8d3.jpg?v=1732869925&width=500
Alpaca Mohair Brushed Sweater,Sweater,https://www.amiparis.com/en-us/products/brown-wool-alpaca-mohair-brushed-sweater-fks447kn0056219,https://www.amiparis.com/cdn/shop/files/e6dfe10252b26c8e762b380d253aa1c0.jpg?v=1732869867&width=500
Shearling Top,Top,https://www.amiparis.com/en-us/products/brown-leather-shearling-top-ftp105lh0039219,https://www.amiparis.com/cdn/shop/files/c7aa88d998ac484218054a8dcb53c8fb_c65f17a3-887a-409b-827e-bb399cf6dd68.jpg?v=1732843691&width=500
High Collar Shirt,Shirt,https://www.amiparis.com/en-us/products/black-nylon-high-collar-shirt-ush107pa0007001,https://www.amiparis.com/cdn/shop/files/37a8bbe7f811d6e67e3868b4e4b810d2_ed0cd029-b673-47b7-b6a2-1e017079e450.jpg?v=1732873890&width=500
Ami de Coeur T-shirt,T-shirt,https://www.amiparis.com/en-us/products/black-cotton-ami-de-coeur-t-shirt-uts040je0090001,https://www.amiparis.com/cdn/shop/files/936e8ea790f42be3ad10c4c4abb4e8eb.jpg?v=1732873443&width=500
Ami de Coeur Down Jacket,Jacket,https://www.amiparis.com/en-us/products/brown-technical-canvas-ami-de-coeur-down-jacket-fjk413pa0009221,https://www.amiparis.com/cdn/shop/files/d8244367eb55d59940f2c7c7a6f911e0_936a0dea-779d-4239-a020-3e46719f698d.jpg?v=1732843492&width=500
Alpaca Mohair Brushed Sweater,Sweater,https://www.amiparis.com/en-us/products/black-wool-alpaca-mohair-brushed-sweater-fks447kn0056001,https://www.amiparis.com/cdn/shop/files/99b314fe506db41ffea35ad3a2eb072e.jpg?v=1732843180&width=500
Mini Skirt,Skirt,https://www.amiparis.com/en-us/products/black-cotton-mini-skirt-fsk035co0037001,https://www.amiparis.com/cdn/shop/files/28fd0b8c6e56645c94a8a48595ab45df.jpg?v=1732840727&width=500
Classic Fit Jeans,Jeans,https://www.amiparis.com/en-us/products/black-cotton-classic-fit-jeans-ftr031co0037001,https://www.amiparis.com/cdn/shop/files/c8515764b11ce7817911440d6cbd8455.jpg?v=1732840377&width=500
Argyle Double Crewneck Sweater,Sweater,https://www.amiparis.com/en-us/products/nude-wool-argyle-double-crewneck-sweater-uks044kn00572022,https://www.amiparis.com/cdn/shop/files/3497d21527673f1cec886fd2cfaae0cf_829b19c1-a1da-461d-b8cf-7f77bd63c542.jpg?v=1732869559&width=500
Argyle Sleeveless Sweater,Sweater,https://www.amiparis.com/en-us/products/nude-wool-argyle-sleeveless-sweater-fks744kn00572022,https://www.amiparis.com/cdn/shop/files/f92033841470c2bb34bdaf9d2f48d610_288b069b-4b3a-41fc-858a-2a8a1a972734.jpg?v=1732840280&width=500
Cargo Trousers,Trousers,https://www.amiparis.com/en-us/products/blue-wool-cargo-trousers-ftr305wv00184011,https://www.amiparis.com/cdn/shop/files/5bdf23b789377a23bbbbfd460b42f91e_baddff44-cb5c-4c64-806e-1125b811e321.jpg?v=1732840398&width=500
Cashmere Ami de Coeur Crew Neck Sweater,Sweater,https://www.amiparis.com/en-us/products/blue-cashmere-cashmere-ami-de-coeur-crew-neck-sweater-fks0570054011,https://www.amiparis.com/cdn/shop/files/12912943b5cc7eddb2e872c477283c69_4db3efc0-2859-4582-bb0e-9ae7d9e5eba2.jpg?v=1732843453&width=500
Cashmere Ami de Coeur Turtle Neck Sweater,Sweater,https://www.amiparis.com/en-us/products/blue-cashmere-cashmere-ami-de-coeur-turtle-neck-sweater-fks4570054011,https://www.amiparis.com/cdn/shop/files/bdc5031251407ff2a13c7ceff764688c_18ee1095-936c-4087-8767-bb0ad2207bc7.jpg?v=1732843537&width=500
Cashmere Ami de Coeur Cardigan,Cardigan,https://www.amiparis.com/en-us/products/blue-cashmere-cashmere-ami-de-coeur-cardigan-fkc1570054011,https://www.amiparis.com/cdn/shop/files/c062ef11b10ffeab0ade6caed5de12a1.jpg?v=1732843398&width=500
Long Pintuck Shirt,Shirt,https://www.amiparis.com/en-us/products/blue-wool-long-pintuck-shirt-ush512wv00264011,https://www.amiparis.com/cdn/shop/files/bf53ead8121e3e56f3805eb094eb04b9.jpg?v=1732873299&width=500
Tonal Ami de Coeur Polo,Polo,https://www.amiparis.com/en-us/products/blue-wool-tonal-ami-de-coeur-polo-fpl041kn0039430,https://www.amiparis.com/cdn/shop/files/8b8fcbd120bbd4eb5c1be9bc58aa82aa_cf178c5a-658d-4547-9e97-63ed75a1968b.jpg?v=1732851536&width=500
Navy Cotton Ami de Coeur Polo Shirt,Shirt,https://www.amiparis.com/en-us/products/blue-cotton-ami-de-coeur-polo-shirt-bfupl001760430,https://www.amiparis.com/cdn/shop/files/37e03b6bc1aa7a6a338754a9ddb9cd47_af4ce613-1e41-42db-8cc8-cb23b1a78d3a.jpg?v=1732851508&width=500
Red Ami de Coeur Turtle Neck Sweater,Sweater,https://www.amiparis.com/en-us/products/black-wool-red-ami-de-coeur-turtle-neck-sweater-fks411kn0025001,https://www.amiparis.com/cdn/shop/files/57dfe1adf9a4402c5c0599b4d93f0a60_a26f86ce-dde0-4a60-b6c2-c2ebdb347112.jpg?v=1732842900&width=500
Red Ami de Coeur Turtle Neck Sweater,Sweater,https://www.amiparis.com/en-us/products/blue-wool-red-ami-de-coeur-turtle-neck-sweater-fks411kn0025430,https://www.amiparis.com/cdn/shop/files/0cba429584b98bff9709c6b1e63e417d_64a07080-e417-4340-8ff9-9b1f3f9cc8bb.jpg?v=1732842676&width=500
Short Shearling Collar Jacket,Jacket,https://www.amiparis.com/en-us/products/brown-wool-short-shearling-collar-jacket-fjk269wv0049221,https://www.amiparis.com/cdn/shop/files/7eaa7bce09c11fa6b9cf82111e7a3cc7_007e0259-bb52-47c2-a2f4-9c22ed3b9901.jpg?v=1732843418&width=500
Short Oversize Coat,Coat,https://www.amiparis.com/en-us/products/brown-wool-short-oversize-coat-fco218wv00542004,https://www.amiparis.com/cdn/shop/files/f94c2ccde0d6f517b61b8dc0b63e5851_610857d9-ebd0-4ee8-8520-600e38e8b382.jpg?v=1732843318&width=500
High Collar Coat,Coat,https://www.amiparis.com/en-us/products/brown-wool-high-collar-coat-fco008wv00542004,https://www.amiparis.com/cdn/shop/files/251ee8506348aeed6aaa4773fa304fc4_a918145d-fe51-477c-9861-0ed011e0d41f.jpg?v=1732871976&width=500
Military Jacket,Jacket,https://www.amiparis.com/en-us/products/grey-wool-military-jacket-fjk267wv0058061,https://www.amiparis.com/cdn/shop/files/e92c806c421404b704866000da704635_8a4f7cab-a93e-4886-969d-bc8adeb8d8a1.jpg?v=1732869368&width=500
Off-White Ami de Coeur Polo,Polo,https://www.amiparis.com/en-us/products/grey-wool-off-white-ami-de-coeur-polo-upl325kn0032061,https://www.amiparis.com/cdn/shop/files/ea1eda7538945ce69170d3818537c4c8_f99a94d7-f036-40a1-97d5-7f8ae5ec2497.jpg?v=1732840431&width=500
Ami Alexandre Mattiussi Raincoat,Raincoat,https://www.amiparis.com/en-us/products/black-nylon-ami-alexandre-mattiussi-raincoat-ujk542pa0007001,https://www.amiparis.com/cdn/shop/files/3071b17aa81faffc5bbd54e470e4cacc_34b94bbd-0bcf-4735-9369-1e9d3e95a497.jpg?v=1732874271&width=500
Ami de Coeur Down Jacket,Jacket,https://www.amiparis.com/en-us/products/black-technical-canvas-ami-de-coeur-down-jacket-fjk413pa0009001,https://www.amiparis.com/cdn/shop/files/1f8dc2b9434f805e3cb8248bb5fc9b01.jpg?v=1732843219&width=500
Red Ami de Coeur Hoodie,Hoodie,https://www.amiparis.com/en-us/products/blue-cotton-red-ami-de-coeur-hoodie-usw2357304012,https://www.amiparis.com/cdn/shop/files/dc08cdba4f9402260ad9e23ec28a754f_c1c9610f-4cee-4632-8459-f272bb492984.jpg?v=1732874631&width=500
Red Ami de Coeur Sweatshirt,Sweatshirt,https://www.amiparis.com/en-us/products/blue-cotton-red-ami-de-coeur-sweatshirt-usw0357304012,https://www.amiparis.com/cdn/shop/files/d9a3707f74ac7ddc938f8cb843dbbcb2_aef12471-ce76-4750-b65b-2be5eb31f69f.jpg?v=1732874115&width=500
Red Ami de Coeur T-shirt,T-shirt,https://www.amiparis.com/en-us/products/blue-cotton-red-ami-de-coeur-t-shirt-uts0357244012,https://www.amiparis.com/cdn/shop/files/53128bb0f4ed62b4351bc5c031ced321_c41d5e15-7bb2-4e13-a564-c79bc4cfa41c.jpg?v=1732874348&width=500
Ami de Coeur Hoodie,Hoodie,https://www.amiparis.com/en-us/products/blue-cotton-ami-de-coeur-hoodie-usw2277494012,https://www.amiparis.com/cdn/shop/files/03c9d434cec9db492e47dd19c87a8685.jpg?v=1732872047&width=500
Ami de Coeur Sweatshirt,Sweatshirt,https://www.amiparis.com/en-us/products/blue-cotton-ami-de-coeur-sweatshirt-usw0277494012,https://www.amiparis.com/cdn/shop/files/c3a151d881999fdeeb88d62391fac532_6e3af699-fcb4-48f4-9de0-b8d54eb00b0e.jpg?v=1732874037&width=500
Ami de Coeur T-shirt,T-shirt,https://www.amiparis.com/en-us/products/blue-cotton-ami-de-coeur-t-shirt-uts0277264012,https://www.amiparis.com/cdn/shop/files/6fd081fa6665daaec7eae8523a73af76.jpg?v=1732874339&width=500
Ami de Coeur Down Jacket,Jacket,https://www.amiparis.com/en-us/products/beige-technical-canvas-ami-de-coeur-down-jacket-fjk413pa0009255,https://www.amiparis.com/cdn/shop/files/ea57cf88c369fe1b593e421c3a21b991_7abf36a5-db10-4226-a293-a534f85370d3.jpg?v=1732840555&width=500
Short Jacket,Jacket,https://www.amiparis.com/en-us/products/beige-cotton-short-jacket-fjk069co0081998,https://www.amiparis.com/cdn/shop/files/9c529a66f5c3a9c7315111328cb9e7a2.jpg?v=1732843384&width=500
Cable Knit Cardigan,Cardigan,https://www.amiparis.com/en-us/products/camel-wool-cable-knit-cardigan-fkc013kn0013280,https://www.amiparis.com/cdn/shop/files/7d8b0566bfc958bae27ab960426f3346_53d9a3a2-fc2f-4ee2-a496-a36b010acca0.jpg?v=1732843286&width=500
Ribbed Cardigan,Cardigan,https://www.amiparis.com/en-us/products/brown-wool-ribbed-cardigan-ukc056kn00512008,https://www.amiparis.com/cdn/shop/files/86732ac4cc9b6baacd051b51ff60cd5f_60678935-b70f-4448-85c3-a993f5ebd7fc.jpg?v=1732873228&width=500
Alpaca Mohair Ribbed Sweater,Sweater,https://www.amiparis.com/en-us/products/beige-wool-alpaca-mohair-ribbed-sweater-uks031kn0054250,https://www.amiparis.com/cdn/shop/files/f58a6b05e866a270197ba570f23501b9_bf6cb04d-2970-46b8-ae9f-b88ecdb4b1f8.jpg?v=1732868992&width=500
Large Fit Jeans,Jeans,https://www.amiparis.com/en-us/products/white-cotton-large-fit-jeans-ftr450co0037150,https://www.amiparis.com/cdn/shop/files/b4274ec444a79682d0d8d0b5a9efbc26.jpg?v=1732840910&width=500
Off-White Ami de Coeur Crew Neck Sweater,Sweater,https://www.amiparis.com/en-us/products/green-wool-off-white-ami-de-coeur-crew-neck-sweater-uks025kn00324013,https://www.amiparis.com/cdn/shop/files/a046ae27cecca272905fadfe952deeef.jpg?v=1732870067&width=500
Off-White Ami de Coeur Polo,Polo,https://www.amiparis.com/en-us/products/green-wool-off-white-ami-de-coeur-polo-upl325kn00324013,https://www.amiparis.com/cdn/shop/files/4553c0ccd6f0d604b841b8c49925cd20_60407d35-8f86-4020-bf04-f6d63a2dd94d.jpg?v=1732840423&width=500
Ami de Coeur Hoodie,Hoodie,https://www.amiparis.com/en-us/products/green-cotton-ami-de-coeur-hoodie-usw240je00914013,https://www.amiparis.com/cdn/shop/files/dac3385ba6297b029f629f41148f0b05_6a7f94bc-8664-4719-bad0-e9933656a4dc.jpg?v=1732874305&width=500
Ami Alexandre Mattiussi Sweatshirt,Sweatshirt,https://www.amiparis.com/en-us/products/green-cotton-ami-alexandre-mattiussi-sweatshirt-usw0247474013,https://www.amiparis.com/cdn/shop/files/6939751a0fa71274491880338e6c5896_284699a7-28b8-426c-8d98-1734d561bbf9.jpg?v=1732872243&width=500
Ami Alexandre Mattiussi T-shirt,T-shirt,https://www.amiparis.com/en-us/products/green-cotton-ami-alexandre-mattiussi-t-shirt-uts0247264013,https://www.amiparis.com/cdn/shop/files/c75ed264cd0010b29a64627b58d3cdfa_11a44110-8631-41a3-b052-8f2768374764.jpg?v=1732872292&width=500
Ami de Coeur Short,Short,https://www.amiparis.com/en-us/products/green-cotton-ami-de-coeur-short-uso640je00914013,https://www.amiparis.com/cdn/shop/files/d827fdaf9c2c32c73cd3bafbc9222863.jpg?v=1732874508&width=500
Ami Alexandre Mattiussi Windbreaker,Windbreaker,https://www.amiparis.com/en-us/products/black-technical-canvas-ami-alexandre-mattiussi-windbreaker-ujk058pa0009001,https://www.amiparis.com/cdn/shop/files/8d791b05ad5fabaeea6e1cefe035d0b6_3ab8b1d5-9260-4750-82ac-f8e31b8c207f.jpg?v=1732868768&width=500
Black Cotton Ami de Coeur Hoodie,Hoodie,https://www.amiparis.com/en-us/products/black-cotton-ami-de-coeur-hoodie-usw227749001,https://www.amiparis.com/cdn/shop/files/3df9777604fbdb6048841548e91e2789.jpg?v=1732851810&width=500
Black Cotton Ami de Coeur T-Shirt,T-Shirt,https://www.amiparis.com/en-us/products/black-cotton-ami-de-coeur-t-shirt-uts027726001,https://www.amiparis.com/cdn/shop/files/5be11682765addfbfd79eb101d9debc4.jpg?v=1732851836&width=500
Ami de Coeur Overshirt,Overshirt,https://www.amiparis.com/en-us/products/black-cotton-ami-de-coeur-overshirt-ujk261co0037001,https://www.amiparis.com/cdn/shop/files/e4ab3607e182bc2692129722c7ea5794_1727793c-5195-437c-8fce-718322fe74a3.jpg?v=1732840465&width=500
Button-Down Ami de Coeur Shirt,Shirt,https://www.amiparis.com/en-us/products/black-cotton-button-down-ami-de-coeur-shirt-ush060co0149001,https://www.amiparis.com/cdn/shop/files/ae7a2c86db6b0e3372688d2ad007c9db_feea9e08-2ccb-4d2f-bdf9-2328a90fba5c.jpg?v=1732892064&width=500
Top Manches Courtes,Courtes,https://www.amiparis.com/en-us/products/grey-wool-short-sleeve-top-utp116wv00480511,https://www.amiparis.com/cdn/shop/files/40a8efa6a04e25a4b2153cae93f31746_c7ba2732-5553-4177-84cb-0ec06ba7a3eb.jpg?v=1732890580&width=500
Off-White Ami de Coeur Polo,Polo,https://www.amiparis.com/en-us/products/lilac-wool-off-white-ami-de-coeur-polo-upl325kn0032504,https://www.amiparis.com/cdn/shop/files/f73c6e7b83e4d1d8e17d6f4491199131.jpg?v=1732840633&width=500
Ami de Coeur T-shirt,T-shirt,https://www.amiparis.com/en-us/products/lilac-cotton-ami-de-coeur-t-shirt-uts040je0090504,https://www.amiparis.com/cdn/shop/files/5f08f97d04b1f73f507af388488bd5e8_f13ae5b3-2f30-4ca4-9e6a-afeaadcc12b3.jpg?v=1732872145&width=500
Ami de Coeur Short,Short,https://www.amiparis.com/en-us/products/lilac-cotton-ami-de-coeur-short-uso640je0091504,https://www.amiparis.com/cdn/shop/files/205138966d96c8c15bb411538d32ec25_36c4ce52-b1a6-4849-b444-ad03642acb6f.jpg?v=1732873907&width=500
Off-White Ami de Coeur Cardigan,Cardigan,https://www.amiparis.com/en-us/products/yellow-wool-off-white-ami-de-coeur-cardigan-ukc025kn0032724,https://www.amiparis.com/cdn/shop/files/df8a68bf9fb79384e74227110871093c_2bbe9db5-5fa7-455d-8893-06570de93357.jpg?v=1732873283&width=500
Off-White Ami de Coeur Crew Neck Sweater,Sweater,https://www.amiparis.com/en-us/products/yellow-wool-off-white-ami-de-coeur-crew-neck-sweater-uks025kn0032724,https://www.amiparis.com/cdn/shop/files/7c464286030da94563f7600127dce92d.jpg?v=1732891494&width=500
Off-White Ami de Coeur Funnel Neck Sweater,Sweater,https://www.amiparis.com/en-us/products/yellow-wool-off-white-ami-de-coeur-funnel-neck-sweater-uks425kn0032724,https://www.amiparis.com/cdn/shop/files/88b9aacc80958986ae820442c8330fbc_901e3529-913f-42b6-81a8-8d036109f430.jpg?v=1732843231&width=500
Alpaca Mohair Ribbed Sweater,Sweater,https://www.amiparis.com/en-us/products/green-wool-alpaca-mohair-ribbed-sweater-uks031kn00544013,https://www.amiparis.com/cdn/shop/files/9e110660f473d32fa9e73e95e362c09c_e45838e4-6e36-4072-8f27-421b022c64f0.jpg?v=1732840320&width=500
Boxy Fit Shirt,Shirt,https://www.amiparis.com/en-us/products/blue-viscose-boxy-fit-shirt-ush176vi00204012,https://www.amiparis.com/cdn/shop/files/67f58bcbdd4c63e48b067ac2d4f1217b.jpg?v=1732870440&width=500
Large Fit Trousers,Trousers,https://www.amiparis.com/en-us/products/beige-wool-large-fit-trousers-ftr423wv0053255,https://www.amiparis.com/cdn/shop/files/bf2ed58e221c18a24e427f0575d00299_b7c0d283-2c62-495a-9d2f-206b251a2277.jpg?v=1732840556&width=500
Ami de Coeur Pointelle Midi Dress,Dress,https://www.amiparis.com/en-us/products/white-cotton-wool-ami-de-coeur-pointelle-midi-dress-fdr235kn0049150,https://www.amiparis.com/cdn/shop/files/66da39e310c338bf78a2e38e8624a4d0_1ff4b77b-a89e-4728-9e78-d6ac99cae2df.jpg?v=1732843568&width=500
Ami de Coeur Pointelle Crew Neck Sweater,Sweater,https://www.amiparis.com/en-us/products/white-cotton-ami-de-coeur-pointelle-crew-neck-sweater-fks135kn0049150,https://www.amiparis.com/cdn/shop/files/5187a7853292164f5e020a8d10e06bfa_62d6c113-3004-468f-93a9-9b19b40580ee.jpg?v=1732842992&width=500
Ami Pleated Trousers,Trousers,https://www.amiparis.com/en-us/products/beige-wool-ami-pleated-trousers-ftr218750255,https://www.amiparis.com/cdn/shop/files/5577a7174deba30bb372c4e78a1de621_a8e9610b-2a0f-4925-afad-b22cefde7a91.jpg?v=1732870666&width=500
Ami de Coeur Sweatshirt,Sweatshirt,https://www.amiparis.com/en-us/products/grey-cotton-ami-de-coeur-sweatshirt-usw0277490951,https://www.amiparis.com/cdn/shop/files/817332136b4eb72919b5f2f750d52f81_0eb8137d-4e3e-4c28-a485-42a2de470e5f.jpg?v=1732874022&width=500
Ami de Coeur Hoodie,Hoodie,https://www.amiparis.com/en-us/products/grey-cotton-ami-de-coeur-hoodie-usw2277490951,https://www.amiparis.com/cdn/shop/files/f6b6de1800986d5b204977b81823d3b8_9df20b03-4a17-4f9e-b311-29a9a14ef4e5.jpg?v=1732892878&width=500
Ami de Coeur T-shirt,T-shirt,https://www.amiparis.com/en-us/products/grey-cotton-ami-de-coeur-t-shirt-uts0277260951,https://www.amiparis.com/cdn/shop/files/0418602e25ccc6765d3e4ff966060831_8e639c3d-3867-46d4-a7f2-9be51ac729cc.jpg?v=1732872120&width=500
Ami Paris Hoodie,Hoodie,https://www.amiparis.com/en-us/products/grey-cotton-ami-paris-hoodie-usw2477300951,https://www.amiparis.com/cdn/shop/files/7ed320069da90736deac486f93e1a74b_4f0949c9-cb44-4b88-b40b-ba9a8a816457.jpg?v=1732874647&width=500
Ami Paris T-shirt,T-shirt,https://www.amiparis.com/en-us/products/white-cotton-ami-paris-t-shirt-uts047724100,https://www.amiparis.com/cdn/shop/files/f9931675bd3cb1f1c321de846863f912.jpg?v=1732873619&width=500
Ami de Coeur T-shirt,T-shirt,https://www.amiparis.com/en-us/products/white-cotton-ami-de-coeur-t-shirt-uts040je0090100,https://www.amiparis.com/cdn/shop/files/92e3917fa1243e2af3e3f48313855f19_61c8494c-0052-4e00-bc22-654f3dd24828.jpg?v=1732874058&width=500
Red Ami de Coeur Longlseeves T-shirt,T-shirt,https://www.amiparis.com/en-us/products/brown-cotton-red-ami-de-coeur-longlseeves-t-shirt-uts235724221,https://www.amiparis.com/cdn/shop/files/d47020eb72ec13b1bd5513d6f7ea7e5a_500100ad-59c5-4150-8dea-1eab29511ddc.jpg?v=1732872398&width=500
Ami de Coeur Polo Shirt,Shirt,https://www.amiparis.com/en-us/products/brown-cotton-ami-de-coeur-polo-shirt-upl001760221,https://www.amiparis.com/cdn/shop/files/be6feb997ee273d92c520f4d261f8006.jpg?v=1732872267&width=500
Red Ami de Coeur T-shirt,T-shirt,https://www.amiparis.com/en-us/products/brown-cotton-red-ami-de-coeur-t-shirt-uts035724221,https://www.amiparis.com/cdn/shop/files/b21ec25c7f3ae584cbaaef1628362a06_7a99d0df-50b2-4f04-90fd-e2b80d23b97a.jpg?v=1732874555&width=500
Hooded Ami Alexandre Mattiussi Windbreaker,Windbreaker,https://www.amiparis.com/en-us/products/brown-nylon-hooded-ami-alexandre-mattiussi-windbreaker-ujk101pa0007221,https://www.amiparis.com/cdn/shop/files/793d3674f287feebf01f52a864850a42_18ed3097-0808-48a8-9c25-1b5ba00ae31d.jpg?v=1732873502&width=500
Buttoned Overshirt,Overshirt,https://www.amiparis.com/en-us/products/brown-wool-buttoned-overshirt-ujk262wv0018221,https://www.amiparis.com/cdn/shop/files/4ecf5f1d2f0d8aa07883792f56fe9ae6_725d3677-d512-4288-8fcc-9e428df93256.jpg?v=1732868505&width=500
Worker Baggy,Baggy,https://www.amiparis.com/en-us/products/white-cotton-worker-baggy-utr303co0037150,https://www.amiparis.com/cdn/shop/files/11a59edf92d9b9409344ad328171b6d9_fa3f8058-ca06-4d32-a704-278a59d4fefb.jpg?v=1732866201&width=500
Ami Alexandre Mattiussi Buttoned Jacket,Jacket,https://www.amiparis.com/en-us/products/black-nylon-ami-alexandre-mattiussi-buttoned-jacket-ujk242pa0007001,https://www.amiparis.com/cdn/shop/files/5dabc313ddbf69e7fe73a6f541ce84f2_99ac406c-07ed-4501-b13d-abbeceffff9b.jpg?v=1732874284&width=500
Ami de Coeur Sweatshirt,Sweatshirt,https://www.amiparis.com/en-us/products/black-cotton-ami-de-coeur-sweatshirt-usw027749001,https://www.amiparis.com/cdn/shop/files/16546bdb901bc5469bf776f65eab299a_da7063ad-9be3-48b9-bef1-4c28fcd2a9b1.jpg?v=1732851807&width=500
Ami de Coeur Long Sleeves Polo,Polo,https://www.amiparis.com/en-us/products/black-cotton-ami-de-coeur-long-sleeves-polo-upl340je0092001,https://www.amiparis.com/cdn/shop/files/3176b566e38f6a3e6e649abb2d956964_2ee7782c-54f4-4b46-9293-c9839af4878c.jpg?v=1732869504&width=500
Zipped Ami de Coeur Hoodie,Hoodie,https://www.amiparis.com/en-us/products/black-cotton-zipped-ami-de-coeur-hoodie-usw427749001,https://www.amiparis.com/cdn/shop/files/7dbd5df5618dfc9f7ec7e0cf8840dddb_e5218dc7-460c-48f3-a60e-ccaea9ffaaf8.jpg?v=1732874055&width=500
Ami de Coeur Track Pants,Pants,https://www.amiparis.com/en-us/products/black-cotton-ami-de-coeur-track-pants-utr237749001,https://www.amiparis.com/cdn/shop/files/f7430fe57032065ea2a1ec20f65afbde_93f0caa4-06c7-456a-851f-2e8f3f509c71.jpg?v=1732871769&width=500
Ami de Coeur Short,Short,https://www.amiparis.com/en-us/products/black-cotton-ami-de-coeur-short-uso640je0091001,https://www.amiparis.com/cdn/shop/files/f40afe37482809857b91e257b886f2ea.jpg?v=1732868937&width=500
Mini Skirt With Panels,Panels,https://www.amiparis.com/en-us/products/grey-wool-mini-skirt-with-panels-fsk028wv0058061,https://www.amiparis.com/cdn/shop/files/e5a9adf2f16d893281026e7bd517d13d_ca6e424c-5f2c-4288-8666-192d56f7153d.jpg?v=1732840344&width=500
Straight Fit Trousers,Trousers,https://www.amiparis.com/en-us/products/blue-wool-straight-fit-trousers-ftr513wv00534011,https://www.amiparis.com/cdn/shop/files/8830080d23e0bd7fd273a11c9afb948f_856741d6-84e3-4a1d-81a3-a794d2899f90.jpg?v=1732871712&width=500
High Waisted Cigarette Trousers,Trousers,https://www.amiparis.com/en-us/products/blue-wool-high-waisted-cigarette-trousers-ftr112wv00264011,https://www.amiparis.com/cdn/shop/files/de5165d1059a6bb5ac43ba5b40c5bb2f.jpg?v=1732843622&width=500
Military Shirt,Shirt,https://www.amiparis.com/en-us/products/blue-wool-military-shirt-ush013wv00444011,https://www.amiparis.com/cdn/shop/files/c01486d483550b6b3fc7b05732f9c3aa.jpg?v=1732840566&width=500
Ami de Coeur Pointelle Crew Neck Sweater,Sweater,https://www.amiparis.com/en-us/products/black-cotton-wool-ami-de-coeur-pointelle-crew-neck-sweater-fks135kn0049001,https://www.amiparis.com/cdn/shop/files/3eb7fc44851f7c0fc4bc360e230e80bc_8150390e-0a60-4e0f-991d-ad66d7be02c5.jpg?v=1732840450&width=500
Flare Fit Trousers,Trousers,https://www.amiparis.com/en-us/products/blue-wool-flare-fit-trousers-ftr435wv00534011,https://www.amiparis.com/cdn/shop/files/84f5558ea0269d0ca4ca17b49779a420_3c05ba8e-9836-4415-b98f-9545fa4afa76.jpg?v=1732840633&width=500
Striped Sailor Cardigan,Cardigan,https://www.amiparis.com/en-us/products/blue-cotton-striped-sailor-cardigan-fkc039kn00614023,https://www.amiparis.com/cdn/shop/files/795e91ad04282b502b3dc3e81aabd1e7_d8034b30-046e-4e95-833f-dd7a7c07cc86.jpg?v=1732843634&width=500
Classic Fit Jeans,Jeans,https://www.amiparis.com/en-us/products/blue-cotton-classic-fit-jeans-ftr031de0031480,https://www.amiparis.com/cdn/shop/files/7a31cf6529a0bc0fbbf462b37d99495f_062876a2-fb18-4676-acba-1b2963ce2838.jpg?v=1732842493&width=500
Off-White Ami de Coeur Cardigan,Cardigan,https://www.amiparis.com/en-us/products/grey-wool-off-white-ami-de-coeur-cardigan-ukc025kn0032061,https://www.amiparis.com/cdn/shop/files/bfe9bd432c687e708c54c46035968b5f.jpg?v=1732843150&width=500
Grey Cotton Ami de Coeur Hoodie,Hoodie,https://www.amiparis.com/en-us/products/grey-cotton-red-ami-de-coeur-hoodie-bfusw2357300951,https://www.amiparis.com/cdn/shop/files/2a03cf2942e1541cb8f2492378262d04.jpg?v=1732851903&width=500
Zipped Ami de Coeur Hoodie,Hoodie,https://www.amiparis.com/en-us/products/grey-cotton-zipped-ami-de-coeur-hoodie-usw4277490951,https://www.amiparis.com/cdn/shop/files/c527f4ceca7e92bbee5b822ac7e6d10e_87eba802-646f-404a-96a6-1b971ea5006d.jpg?v=1732872116&width=500
Ami de Coeur Track Pants,Pants,https://www.amiparis.com/en-us/products/grey-cotton-ami-de-coeur-track-pants-utr2377490951,https://www.amiparis.com/cdn/shop/files/6d95dce1d422926379e1d20cb1bc1fd1.jpg?v=1732874325&width=500
Ami de Coeur T-shirt,T-shirt,https://www.amiparis.com/en-us/products/white-cotton-ami-de-coeur-t-shirt-uts027726150,https://www.amiparis.com/cdn/shop/files/c7e8b6de9b864f8e4f37ba5fd5325b0d_2789de2a-7a38-46c8-81a9-9fec09dbd5b4.jpg?v=1732871977&width=500
White Cotton Ami de Coeur Long Sleeves T-Shirt,T-Shirt,https://www.amiparis.com/en-us/products/white-cotton-red-ami-de-coeur-long-sleeves-t-shirt-bfuts235724100,https://www.amiparis.com/cdn/shop/files/e879aeb84e3460b7d3d5e8f1f5948db8_171e5c18-f001-441b-ad26-5f3286035597.jpg?v=1732852107&width=500
Red Ami de Coeur Longlseeves T-shirt,T-shirt,https://www.amiparis.com/en-us/products/blue-cotton-red-ami-de-coeur-longlseeves-t-shirt-uts2357244012,https://www.amiparis.com/cdn/shop/files/ce14e3e36d515856172766573f5ef82d_7aaf404c-3c84-4a08-8865-ef92afbd49a9.jpg?v=1732874399&width=500
Off-White Ami de Coeur Polo,Polo,https://www.amiparis.com/en-us/products/yellow-wool-off-white-ami-de-coeur-polo-upl325kn0032724,https://www.amiparis.com/cdn/shop/files/3e78fbfcab587a184119339ccf496128_fedc4abf-d76f-4528-8fbe-f9b45494aa4c.jpg?v=1732868874&width=500
Ami de Coeur Hoodie,Hoodie,https://www.amiparis.com/en-us/products/black-cotton-ami-de-coeur-hoodie-usw203730001,https://www.amiparis.com/cdn/shop/files/3ca88ab370765177282d130545cb2779.jpg?v=1732851324&width=500
Black Cotton Ami de Coeur Hoodie,Hoodie,https://www.amiparis.com/en-us/products/black-cotton-red-ami-de-coeur-hoodie-bfusw235730001,https://www.amiparis.com/cdn/shop/files/332c769c24ce1811a8c1c85611d3f973.jpg?v=1732851896&width=500
Black Wool Ami de Coeur Sweater,Sweater,https://www.amiparis.com/en-us/products/black-wool-red-ami-de-coeur-sweater-bfuks006018009,https://www.amiparis.com/cdn/shop/files/81a1bd117bcb99dc45d3376230c48a17.jpg?v=1732851491&width=500
Black Wool Ami de Coeur Sweater,Sweater,https://www.amiparis.com/en-us/products/black-wool-red-ami-de-coeur-sweater-bfuks406018009,https://www.amiparis.com/cdn/shop/files/f9580d635c96d63a57df0f48ddd2dd22.jpg?v=1732851667&width=500
Black Wool Ami de Coeur Cardigan,Cardigan,https://www.amiparis.com/en-us/products/black-wool-red-ami-de-coeur-cardigan-bfukc006018009,https://www.amiparis.com/cdn/shop/files/c803f9ac33f5316afa67bdffee19d62f_7be58432-b9fb-4d07-ac18-4cefcb411549.jpg?v=1732851392&width=500
Ami de Coeur T-shirt,T-shirt,https://www.amiparis.com/en-us/products/black-cotton-ami-de-coeur-t-shirt-uts003724001,https://www.amiparis.com/cdn/shop/files/380cf9b18a474ae2649f17a55663e06e_83949333-39ce-4f49-b3f1-8a45899fe84c.jpg?v=1732841193&width=500
Black Cotton Ami de Coeur T-Shirt,T-Shirt,https://www.amiparis.com/en-us/products/black-cotton-red-ami-de-coeur-t-shirt-bfuts035724001,https://www.amiparis.com/cdn/shop/files/51776634a7e18c84edaff4af45e7457b_9ea6e559-c486-4331-8284-f1a4d6cccade.jpg?v=1732851927&width=500
Black Cotton Ami de Coeur Polo Shirt,Shirt,https://www.amiparis.com/en-us/products/black-cotton-ami-de-coeur-polo-shirt-bfupl001760001,https://www.amiparis.com/cdn/shop/files/f1255512bd89c1410e2263874ed99bfe_b3adb531-e0e5-4a38-93d9-2f550b890d78.jpg?v=1732851670&width=500
Black Cotton Ami de Coeur Long Sleeves T-Shirt,T-Shirt,https://www.amiparis.com/en-us/products/black-cotton-red-ami-de-coeur-long-sleeves-t-shirt-bfuts235724001,https://www.amiparis.com/cdn/shop/files/eab38492b13bd445a9207ae79779cfa8_ec8dad62-1a02-4376-957f-66ca97e9f3bf.jpg?v=1732851945&width=500
Ami de Coeur Sweatshirt,Sweatshirt,https://www.amiparis.com/en-us/products/black-cotton-ami-de-coeur-sweatshirt-usw040je0091001,https://www.amiparis.com/cdn/shop/files/2772db21e261bae8a959fb3c1e606e02.jpg?v=1732871343&width=500
Ami de Coeur Hoodie,Hoodie,https://www.amiparis.com/en-us/products/black-cotton-ami-de-coeur-hoodie-usw240je0091001,https://www.amiparis.com/cdn/shop/files/0e455c2cdff52d8cec7d0d39afc62004_d71ad5d3-0c75-4ecb-ab7c-f7214509feb6.jpg?v=1732874323&width=500
Grey Wool Ami de Coeur Sweater,Sweater,https://www.amiparis.com/en-us/products/grey-wool-red-ami-de-coeur-sweater-bfuks006018084,https://www.amiparis.com/cdn/shop/files/c86be764106bfa566c77b3c6e9b7b74a_38064d85-f53a-4169-85e1-1ad600dbd3c4.jpg?v=1732851723&width=500
Grey Wool Ami de Coeur Sweater,Sweater,https://www.amiparis.com/en-us/products/grey-wool-red-ami-de-coeur-sweater-bfuks406018084,https://www.amiparis.com/cdn/shop/files/5ef83592b4d4140fb7a8d32d2314e697_c23cc8cc-1203-4083-bab2-57d379f32d65.jpg?v=1732851638&width=500
Grey Wool Ami de Coeur Cardigan,Cardigan,https://www.amiparis.com/en-us/products/grey-wool-red-ami-de-coeur-cardigan-bfukc006018084,https://www.amiparis.com/cdn/shop/files/90cbbf88a4e5238ac593a0115e1fb9f3.jpg?v=1732851663&width=500
White Wool Ami de Coeur Sweater,Sweater,https://www.amiparis.com/en-us/products/white-ash-grey-wool-red-ami-de-coeur-sweater-bfuks006018154,https://www.amiparis.com/cdn/shop/files/ed48a0142edad39d003e05ffee6fcde4.jpg?v=1732851722&width=500
White Wool Ami de Coeur Sweater,Sweater,https://www.amiparis.com/en-us/products/white-bottle-green-wool-red-ami-de-coeur-sweater-bfuks406018154,https://www.amiparis.com/cdn/shop/files/bea02b11a97e96cda93310895c2b5d7d_ed38544a-00ac-4968-8f5d-ebbccc00244f.jpg?v=1732851667&width=500
White Wool Ami de Coeur Cardigan,Cardigan,https://www.amiparis.com/en-us/products/white-wool-red-ami-de-coeur-cardigan-bfukc006018154,https://www.amiparis.com/cdn/shop/files/e2034080c51831b8716daa06ee36ff33_69a27394-6955-4c9b-bbe6-a9d2ba53c16a.jpg?v=1732851665&width=500
Boxy Fit Shirt,Shirt,https://www.amiparis.com/en-us/products/white-cotton-boxy-fit-shirt-ush176co0063100,https://www.amiparis.com/cdn/shop/files/5e95a4c1ac011d09d01c74190ce61528_0e2f084a-947b-4c3f-a501-4e3b0abc26b5.jpg?v=1732870286&width=500
Ami de Coeur T-shirt,T-shirt,https://www.amiparis.com/en-us/products/white-cotton-ami-de-coeur-t-shirt-uts003724100,https://www.amiparis.com/cdn/shop/files/4d901d3fc42bee11eb50b92d044aa53f_5f62e05e-4143-443e-8b99-1bd01d961c63.jpg?v=1732874651&width=500
White Cotton Ami de Coeur T-Shirt,T-Shirt,https://www.amiparis.com/en-us/products/white-cotton-red-ami-de-coeur-t-shirt-bfuts035724100,https://www.amiparis.com/cdn/shop/files/68088405acceb7de0094a7aeae87e3d6_a74cbfe3-7e12-4bec-a791-dac50b7c52bd.jpg?v=1732851939&width=500
Embroidered Peplum Jacket,Jacket,https://www.amiparis.com/en-us/products/black-wool-embroidered-peplum-jacket-fbv209wv0039001,https://www.amiparis.com/cdn/shop/files/35121d4f918597fc32ccebc66c65c313_9c521eee-2d32-409f-b847-76be03886955.jpg?v=1732841269&width=500
Embroidered Top,Top,https://www.amiparis.com/en-us/products/black-sequins-embroidered-top-ftp319gl0023001,https://www.amiparis.com/cdn/shop/files/eef599f71eb0f9eefee533dae83d7a43_a5c9d0e7-a3b5-4deb-9cb2-e65bd9fde63c.jpg?v=1732841991&width=500
Flare Fit Trousers,Trousers,https://www.amiparis.com/en-us/products/black-wool-flare-fit-trousers-ftr415vi0007001,https://www.amiparis.com/cdn/shop/files/0765b69ac1c16da55ce56951be75bfcc_13768e81-bac6-47ac-82bb-18ef1ed46855.jpg?v=1732841937&width=500
Bleu Blanc Rouge Hoodie,Hoodie,https://www.amiparis.com/en-us/products/black-cotton-la-plage-ami-hoodie-spusw229730001,https://www.amiparis.com/cdn/shop/files/0988557c858391ce0097da8c3e917660.jpg?v=1732872223&width=500
Navy Wool Ami de Coeur Cardigan,Cardigan,https://www.amiparis.com/en-us/products/blue-wool-red-ami-de-coeur-cardigan-bffkc111kn0025430,https://www.amiparis.com/cdn/shop/files/8e1d827072651782dfac1b2507d51e95.jpg?v=1732851475&width=500
Navy Cotton Ami de Coeur T-Shirt,T-Shirt,https://www.amiparis.com/en-us/products/blue-cotton-ami-de-coeur-t-shirt-bfuts003724430,https://www.amiparis.com/cdn/shop/files/e7c766f61e5df1c7fd03a5b89ed5c339_d6301173-2dcf-42c8-a996-4eef02f69806.jpg?v=1732851917&width=500
Navy Cotton Ami de Coeur Hoodie,Hoodie,https://www.amiparis.com/en-us/products/blue-cotton-red-ami-de-coeur-hoodie-bfusw235730430,https://www.amiparis.com/cdn/shop/files/3fc59047b7ecd9729684430a1c607cab_b63f622b-755c-45c8-a252-b26ee593a59f.jpg?v=1732851907&width=500
Navy Cotton Ami de Coeur Sweatshirt,Sweatshirt,https://www.amiparis.com/en-us/products/blue-cotton-red-ami-de-coeur-sweatshirt-bfusw035730430,https://www.amiparis.com/cdn/shop/files/a10d168b02fe21fc52564c6fd134ecbf_ad082477-1710-4858-bec2-150079f90b03.jpg?v=1732851891&width=500
Navy Cotton Ami de Coeur T-Shirt,T-Shirt,https://www.amiparis.com/en-us/products/blue-cotton-red-ami-de-coeur-t-shirt-bfuts035724430,https://www.amiparis.com/cdn/shop/files/af3f8becada7a37e94ef7322ee5281a1.jpg?v=1732852101&width=500
Grey Cotton Ami de Coeur Zipped Hoodie,Hoodie,https://www.amiparis.com/en-us/products/grey-cotton-red-ami-de-coeur-zipped-hoodie-bfusw4357300951,https://www.amiparis.com/cdn/shop/files/fc8aa5a0c5f86432192ce8e1ecd4b169_047b05df-1c06-4cff-ad63-ac7ba4d24040.jpg?v=1732851915&width=500
Grey Cotton Ami de Coeur Sweatshirt,Sweatshirt,https://www.amiparis.com/en-us/products/grey-cotton-red-ami-de-coeur-sweatshirt-bfusw0357300951,https://www.amiparis.com/cdn/shop/files/7b9f0e09e4c8b418ae3a51f00136dbe8.jpg?v=1732851887&width=500
Grey Cotton Ami de Coeur Polo Shirt,Shirt,https://www.amiparis.com/en-us/products/grey-cotton-ami-de-coeur-polo-shirt-bfupl0017600951,https://www.amiparis.com/cdn/shop/files/10adcd33d862d6b9a4000a5afd9fb7ab.jpg?v=1732851498&width=500
Black Cotton Button-Down Ami de Coeur Shirt,Shirt,https://www.amiparis.com/en-us/products/black-cotton-button-down-ami-de-coeur-shirt-bfush063co0087039,https://www.amiparis.com/cdn/shop/files/2ee235080df16ee9b5ef2f2512186702.jpg?v=1732851866&width=500
Grey Cotton Ami de Coeur T-Shirt,T-Shirt,https://www.amiparis.com/en-us/products/grey-cotton-red-ami-de-coeur-t-shirt-bfuts0357240951,https://www.amiparis.com/cdn/shop/files/07ed5c77530323f6d06241fd91873ec9_7c63d9a2-5bef-4dfd-b86c-8758eac355a8.jpg?v=1732852095&width=500
Grey Cotton Ami de Coeur Long Sleeves T-Shirt,T-Shirt,https://www.amiparis.com/en-us/products/grey-cotton-red-ami-de-coeur-long-sleeves-t-shirt-bfuts2357240951,https://www.amiparis.com/cdn/shop/files/ab9bc63eb563a7252e7a975ad403ba06_2b675082-cab9-43b2-8984-0cbe9f647629.jpg?v=1732851951&width=500
Ami de Coeur Boxy Fit Hoodie,Hoodie,https://www.amiparis.com/en-us/products/black-cotton-ami-de-coeur-boxy-fit-hoodie-bfusw205747001,https://www.amiparis.com/cdn/shop/files/46b9618eaf71baa85b97c2cf4533bc64_84564e7a-9504-4d53-b66b-2a8650d7fb2c.jpg?v=1732839824&width=500
Black Cotton Ami de Coeur Sweatshirt,Sweatshirt,https://www.amiparis.com/en-us/products/black-cotton-red-ami-de-coeur-sweatshirt-bfusw035730001,https://www.amiparis.com/cdn/shop/files/c833fda1c713de3c2473f97a56bf4aba_089f772f-9b57-4072-8615-18ca65af5cd0.jpg?v=1732852070&width=500
Black Wool Ami de Coeur Crew Neck Sweater,Sweater,https://www.amiparis.com/en-us/products/black-wool-red-ami-de-coeur-sweater-bffks111kn0025001,https://www.amiparis.com/cdn/shop/files/f7d997abf42ed9eba1d4ba3fef6b0cba.jpg?v=1732852209&width=500
Black Cotton Ami de Coeur Zipped Hoodie,Hoodie,https://www.amiparis.com/en-us/products/black-cotton-red-ami-de-coeur-zipped-hoodie-bfusw435730001,https://www.amiparis.com/cdn/shop/files/b5da270490c55e85196a281097ad552d_4bdda2c5-7acd-40fe-8b61-4ce9b4bd3683.jpg?v=1732852215&width=500
Ami De Coeur Crop T-shirt,T-shirt,https://www.amiparis.com/en-us/products/green-cotton-ami-de-coeur-crop-t-shirt-spfts01972600317,https://www.amiparis.com/cdn/shop/files/1bbf3804addc4fc359d8118bd24b11fa_f04d2252-a2b2-48c8-9b5e-55939412e917.jpg?v=1732842379&width=500
White Cotton Button-Down Ami de Coeur Shirt,Shirt,https://www.amiparis.com/en-us/products/white-cotton-button-down-ami-de-coeur-shirt-bfush063co0031168,https://www.amiparis.com/cdn/shop/files/3678a8ab570ad61a014c0cdfc44f4436_b9aeea19-3001-46f6-b25d-96d7a668425e.jpg?v=1732851857&width=500
Blue Cotton Button-Down Ami de Coeur Shirt,Shirt,https://www.amiparis.com/en-us/products/blue-cotton-button-down-ami-de-coeur-shirt-bfush063co0031450,https://www.amiparis.com/cdn/shop/files/235805d3cfa7d1f046f5959cde68f791.jpg?v=1732852238&width=500
Blue Cotton Button-Down Ami de Coeur Shirt,Shirt,https://www.amiparis.com/en-us/products/blue-cotton-button-down-ami-de-coeur-shirt-bfush063co0087475,https://www.amiparis.com/cdn/shop/files/64fd9152592cac8b595a40c4c236c047.jpg?v=1732851954&width=500
Boxy Fit Shirt,Shirt,https://www.amiparis.com/en-us/products/blue-cotton-boxy-fit-shirt-bfush130co0021475,https://www.amiparis.com/cdn/shop/files/dc88f67123fce161055d35fbdbb2d1f1_ba23cae5-3dbc-48a8-941c-0d796c2ce689.jpg?v=1732841354&width=500
Ami de Coeur Classic Shirt,Shirt,https://www.amiparis.com/en-us/products/blue-cotton-ami-de-coeur-classic-shirt-ush160co0031484,https://www.amiparis.com/cdn/shop/files/263001fc1f37a00c1216fb0999cfe1a0_67a47900-ea13-41f1-b061-6a2a09a48181.jpg?v=1732840991&width=500
Embroidered Long Dress,Dress,https://www.amiparis.com/en-us/products/green-sequins-embroidered-long-dress-fdr220gl0022351,https://www.amiparis.com/cdn/shop/files/8f59d20bec8e9251a2732c7448643e77.jpg?v=1732842007&width=500
Embroidered Shirt,Shirt,https://www.amiparis.com/en-us/products/green-sequins-embroidered-shirt-ush508gl0024351,https://www.amiparis.com/cdn/shop/files/851d04c21fa024b2a97c966ac2134475.jpg?v=1732842365&width=500
Embroidered Skirt,Skirt,https://www.amiparis.com/en-us/products/green-sequins-embroidered-skirt-fsk222gl0027351,https://www.amiparis.com/cdn/shop/files/8ab177dd256aa8cdd6df10d9402de373_1bd80673-ca82-437a-b8c5-75b331067f8f.jpg?v=1732841470&width=500
White Cotton Ami de Coeur Polo Shirt,Shirt,https://www.amiparis.com/en-us/products/white-cotton-ami-de-coeur-polo-shirt-bfupl001760100,https://www.amiparis.com/cdn/shop/files/e2c596ac5d599bad25c66b8ada1dce1d_b7002bee-79db-42be-bdfa-6e23f6661b0c.jpg?v=1732851670&width=500
Flare Fit Jeans,Jeans,https://www.amiparis.com/en-us/products/blue-denim-flare-fit-jeans-ftr420de0011402,https://www.amiparis.com/cdn/shop/files/95e65c8b0ba9e039f1ab0fb87f367bcb_8f68aad1-f651-45e6-8f45-bfe2179c5053.jpg?v=1732842626&width=500
Ami Alexandre Mattiussi Sweatshirt,Sweatshirt,https://www.amiparis.com/en-us/products/black-cotton-ami-alexandre-mattiussi-sweatshirt-usw024747001,https://www.amiparis.com/cdn/shop/files/68f9da21350366fc02b537d216883eb4.jpg?v=1732851419&width=500
Ami Alexandre Mattiussi T-shirt,T-shirt,https://www.amiparis.com/en-us/products/black-cotton-ami-alexandre-mattiussi-t-shirt-uts024726001,https://www.amiparis.com/cdn/shop/files/32f29edb85b0f4cd931180b7619c3992_c7efc3e8-c068-4972-87e7-622fc36a5d97.jpg?v=1732873545&width=500
Long Sleeve Ami Alexandre Mattiussi T-shirt,T-shirt,https://www.amiparis.com/en-us/products/black-cotton-long-sleeve-ami-alexandre-mattiussi-t-shirt-uts224726001,https://www.amiparis.com/cdn/shop/files/eaae33382510b9528489aa12288ea1f6.jpg?v=1732842250&width=500
Ami de Coeur Boxy Fit Sweatshirt,Sweatshirt,https://www.amiparis.com/en-us/products/black-cotton-ami-de-coeur-boxy-fit-sweatshirt-bfusw005747001,https://www.amiparis.com/cdn/shop/files/03e3f709c6e0e4c546d06f3d1a06019b.jpg?v=1732841730&width=500
Red Ami de Coeur Cardigan,Cardigan,https://www.amiparis.com/en-us/products/black-wool-red-ami-de-coeur-cardigan-fkc111kn0025001,https://www.amiparis.com/cdn/shop/files/b1ab24c2c5b01f561cd1fd7300ed741d_94bb3139-8ac9-4cf6-9d28-6da3dbe9af8f.jpg?v=1732839764&width=500
Red Ami de Coeur Sweater,Sweater,https://www.amiparis.com/en-us/products/blue-wool-red-ami-de-coeur-sweater-uks4060184005,https://www.amiparis.com/cdn/shop/files/75ad2dde2f58a6b6ef76475b54c1eb8b.jpg?v=1732840899&width=500
Red Ami de Coeur Sweater,Sweater,https://www.amiparis.com/en-us/products/blue-wool-red-ami-de-coeur-sweater-uks0060184005,https://www.amiparis.com/cdn/shop/files/7c7226c82cb348a2db56373ab8a24bf5.jpg?v=1732840058&width=500
Red Ami de Coeur Hoodie,Hoodie,https://www.amiparis.com/en-us/products/blue-cotton-red-ami-de-coeur-hoodie-usw205747430,https://www.amiparis.com/cdn/shop/files/da546f512dc097d04b27d2a69e0d865e_689587c7-9ddb-4291-8a9f-3b75e631405c.jpg?v=1732841296&width=500
Ami de Coeur T-shirt,T-shirt,https://www.amiparis.com/en-us/products/blue-cotton-ami-de-coeur-t-shirt-uts005726430,https://www.amiparis.com/cdn/shop/files/df5d30b4d272595532b2b10e98bf186d.jpg?v=1732840959&width=500
Red Ami de Coeur Cardigan,Cardigan,https://www.amiparis.com/en-us/products/blue-wool-red-ami-de-coeur-cardigan-ukc0060184005,https://www.amiparis.com/cdn/shop/files/926c691cc11bc84bddf62f305e614cff_3459be06-f3e6-453d-949e-0c3dd274f6e7.jpg?v=1732840017&width=500
Ami de Coeur Sweatshirt,Sweatshirt,https://www.amiparis.com/en-us/products/black-cotton-ami-de-coeur-sweatshirt-usw003730001,https://www.amiparis.com/cdn/shop/files/98667a9ea3f114a2fab1da7da883e403_cea61a5b-79d1-4682-b794-a10049201152.jpg?v=1732841033&width=500
Flare Fit Trousers,Trousers,https://www.amiparis.com/en-us/products/black-cotton-flare-fit-trousers-ftr420co0009001,https://www.amiparis.com/cdn/shop/files/d98b84e77dfa632c8df33de78ce2fb9c.jpg?v=1732843446&width=500
Hooded Ami Alexandre Mattiussi Windbreaker,Windbreaker,https://www.amiparis.com/en-us/products/black-cotton-hooded-ami-alexandre-mattiussi-windbreaker-ujk101pa0007001,https://www.amiparis.com/cdn/shop/files/869a427bc7db198cc7f4aa184abaf921_c9b3cb6b-df7d-43ff-b65f-1e1b644a3d0f.jpg?v=1732851339&width=500
Boxy Fit Shirt,Shirt,https://www.amiparis.com/en-us/products/black-leather-boxy-fit-shirt-ush136lh0032001,https://www.amiparis.com/cdn/shop/files/7093ec20eec2c8165320a8c52c5a327a.jpg?v=1732842222&width=500
Straight Fit Trousers,Trousers,https://www.amiparis.com/en-us/products/black-leather-straight-fit-trousers-utr509lh0031001,https://www.amiparis.com/cdn/shop/files/9611e566bc3af191635c6bf8b77405df_3e6fd4a4-22dc-4cf8-a053-f6bdedd99e88.jpg?v=1732843034&width=500
Ami de Coeur T-shirt,T-shirt,https://www.amiparis.com/en-us/products/white-blue-cotton-ami-de-coeur-t-shirt-sputs02272600317,https://www.amiparis.com/cdn/shop/files/2dd8a497255b3f5ac7a4cfa49f2299cf.jpg?v=1732851437&width=500
Ami De Coeur Crop T-shirt,T-shirt,https://www.amiparis.com/en-us/products/blue-cotton-ami-de-coeur-crop-t-shirt-spfts01972600484,https://www.amiparis.com/cdn/shop/files/e88ee9b0324dc00e5ed2c6fb383fb712.jpg?v=1732843234&width=500
Ami de Coeur T-shirt,T-shirt,https://www.amiparis.com/en-us/products/grey-blue-cotton-ami-de-coeur-t-shirt-sputs02272600484,https://www.amiparis.com/cdn/shop/files/abb308cb6cc85e7e35ab3e8d24fdf3b8_85944ad7-8a30-4f18-932e-118b2af732d7.jpg?v=1732842938&width=500
Padded Jacket,Jacket,https://www.amiparis.com/en-us/products/black-leather-padded-jacket-ujk031lh0029001,https://www.amiparis.com/cdn/shop/files/67800e560e1a7fc632bab0f1ef161620.jpg?v=1732840085&width=500
Ami de Coeur Sweatshirt,Sweatshirt,https://www.amiparis.com/en-us/products/blue-cotton-ami-de-coeur-sweatshirt-usw005747430,https://www.amiparis.com/cdn/shop/files/eb0643134521a38d43c83865393c6e93.jpg?v=1732842209&width=500
Embroidered Skirt,Skirt,https://www.amiparis.com/en-us/products/silver-sequins-embroidered-skirt-fsk222gl0027900,https://www.amiparis.com/cdn/shop/files/bee3fe9767ab38741cd504a74acff676.jpg?v=1732842212&width=500
Hoodie Bleu Blanc Rouge,Rouge,https://www.amiparis.com/en-us/products/white-cotton-la-plage-ami-hoodie-spusw229730130,https://www.amiparis.com/cdn/shop/files/b32c2efb2af3a3271ddbf0107f43819b_51362349-3515-47b6-85b2-85c5e6f2e148.jpg?v=1732891234&width=500
Bleu Blanc Rouge Classic Fit T-shirt,T-shirt,https://www.amiparis.com/en-us/products/white-cotton-la-plage-ami-classic-fit-t-shirt-sputs029724130,https://www.amiparis.com/cdn/shop/files/f3a7c6bb17748a9f0bc21dc930c472c8_b6da8b1a-cde6-4bcd-a953-bfbdd64ef445.jpg?v=1732890890&width=500
Bleu Blanc Rouge Classic Fit T-shirt,T-shirt,https://www.amiparis.com/en-us/products/black-cotton-la-plage-ami-classic-fit-t-shirt-sputs029724001,https://www.amiparis.com/cdn/shop/files/98cbd383354316b357ff341fd536ff71_95a84617-c391-4685-a594-83f940e453d7.jpg?v=1732895292&width=500
Bomber Jacket,Jacket,https://www.amiparis.com/en-us/products/black-leather-bomber-jacket-ujk080552001,https://www.amiparis.com/cdn/shop/files/bfc18d519b1ee78d0d9b1f2df3bd4d72.jpg?v=1732840038&width=500
Zipped Leather Jacket,Jacket,https://www.amiparis.com/en-us/products/black-leather-zipped-leather-jacket-ujk008552001,https://www.amiparis.com/cdn/shop/files/2c39146bd788b6b52e807d95810489e2_02c9b9fa-74f3-49a6-84e1-fa543d160aac.jpg?v=1732839773&width=500
Red Ami de Coeur Cardigan,Cardigan,https://www.amiparis.com/en-us/products/grey-wool-red-ami-de-coeur-cardigan-fkc111kn0025055,https://www.amiparis.com/cdn/shop/files/af71de8522cd32d3a64020fb696cbb12_cb71ecbf-0d31-48b6-9daa-9a470a3c77e0.jpg?v=1732839801&width=500
Ami de Coeur Embroidery Hoodie,Hoodie,https://www.amiparis.com/en-us/products/ivory-cotton-ami-de-coeur-embroidery-hoodie-usw221pa0018268,https://www.amiparis.com/cdn/shop/files/d04da7c06896c290112398615a6f7562.jpg?v=1732841255&width=500
Ami de Coeur Embroidery T-shirt,T-shirt,https://www.amiparis.com/en-us/products/ivory-jersey-ami-de-coeur-embroidery-t-shirt-uts021pa0015268,https://www.amiparis.com/cdn/shop/files/e9b193b836f9c10275d51076da2a4887_04a0c08c-6695-45e1-9e05-a2790f48ace3.jpg?v=1732841221&width=500
Red Ami de Coeur Crew Neck Sweater,Sweater,https://www.amiparis.com/en-us/products/grey-wool-red-ami-de-coeur-sweater-fks111kn0025055,https://www.amiparis.com/cdn/shop/files/5344f851b510950411a1089b4604bad1.jpg?v=1732851622&width=500
Ami de Coeur Boxy Fit Shirt,Shirt,https://www.amiparis.com/en-us/products/blue-cotton-ami-de-coeur-boxy-fit-shirt-bfush130co0031450,https://www.amiparis.com/cdn/shop/files/ae4d0e1162ee8d55d2222b94fa7ec475_bf4ef16d-4be4-470c-94d6-0f45d82ba47a.jpg?v=1732841518&width=500
Ami de Coeur Sweatshirt,Sweatshirt,https://www.amiparis.com/en-us/products/blue-cotton-ami-de-coeur-sweatshirt-usw003730430,https://www.amiparis.com/cdn/shop/files/93a5affde9f4dd7d875ffec289946b53_523f086d-ad23-4556-8470-254ab35adc70.jpg?v=1732840292&width=500
